type;public_code;ur_code_legacy;XML_root_legacy;XML_element_legacy;description_LV;description_EN					
area_of_activity;ADVOCACY;IAO;LegalEntityExtenedStructure;BusinessAreaForm;Intere�u aizst�v�bas organiz�ciju darb�ba;Advocacy work					
area_of_activity;ARCHITECTURE_RESTORATION;ARH;LegalEntityExtenedStructure;BusinessAreaForm;Arhitekt�ra un restaur�cija;Architecture and restoration					
area_of_activity;ASSOCIATION_OF_EMPLOYERS_ORGANISATIONS;DDA;LegalEntityExtenedStructure;BusinessAreaForm;Darba dev�ju organiz�ciju apvien�ba;Association of Employers' Organisations					
area_of_activity;BOOK_PUBLISHING;GRA;LegalEntityExtenedStructure;BusinessAreaForm;Gr�matu izdo�ana;Book publishing					
area_of_activity;CONSERVATION_OF_NATURAL_RESOURCES;DRA;LegalEntityExtenedStructure;BusinessAreaForm;Dabas resursu aizsardz�ba un ilgtsp�j�ga izmanto�ana;Conservation and sustainable use of natural resources					
area_of_activity;CRIME_PREVENTION;NOP;LegalEntityExtenedStructure;BusinessAreaForm;Noziegumu profilakse;Crime prevention					
area_of_activity;CULTURE_EXCHANGE;KUA;LegalEntityExtenedStructure;BusinessAreaForm;Kult�ras apmai�a;Culture exchange					
area_of_activity;CUSTOMER_RIGHTS_PROTECTION;PAT;LegalEntityExtenedStructure;BusinessAreaForm;Pat�r�t�ju ties�bu aizsardz�ba;Customer rights protection					
area_of_activity;DESIGN;DIZ;LegalEntityExtenedStructure;BusinessAreaForm;Dizains;Design					
area_of_activity;DEVELOPMENT_COOPERATION;ATS;LegalEntityExtenedStructure;BusinessAreaForm;Att�st�bas sadarb�ba;Development cooperation					
area_of_activity;DIRECTORY_PUBLISHING;IKI;LegalEntityExtenedStructure;BusinessAreaForm;Izzi�u katalogu izdo�ana;Publishing of directories and mailing lists�					
area_of_activity;ECONOMIC_DEVELOPMENT;EKA;LegalEntityExtenedStructure;BusinessAreaForm;Ekonomisk� att�st�ba;Economic development					
area_of_activity;EDUCATION;IZG;LegalEntityExtenedStructure;BusinessAreaForm;Izgl�t�ba;Education					
area_of_activity;EMPLOYERS_ORGANISATION;DDO;LegalEntityExtenedStructure;BusinessAreaForm;Darba dev�ju organiz�cija;Employers' Organisation					
area_of_activity;ENVIRONMENTAL_AWARENESS;VIA;LegalEntityExtenedStructure;BusinessAreaForm;Vides apzi�a;Environmental awareness					
area_of_activity;ENVIRONMENTAL_CLEANING;VIS;LegalEntityExtenedStructure;BusinessAreaForm;Vides sakop�ana;Environmental cleaning					
area_of_activity;ENVIRONMENTAL_PROTECTION;VAP;LegalEntityExtenedStructure;BusinessAreaForm;Vides aizsardz�ba. Pies�r�ojuma samazin��ana un kontrole;Environmental protection. Pollution prevention and control					
area_of_activity;FILMMAKING;FIP;LegalEntityExtenedStructure;BusinessAreaForm;Filmu produc��ana;Motion picture production activities 					
area_of_activity;FOLK_ART;TMM;LegalEntityExtenedStructure;BusinessAreaForm;Tautas m�ksla un nemateri�lais mantojums;Folk art and intangible heritage					
area_of_activity;GENDER_EQUALITY;DZL;LegalEntityExtenedStructure;BusinessAreaForm;Dzimumu l�dzties�ba;Gender equality					
area_of_activity;HEALTH_EDUCATION;SVI;LegalEntityExtenedStructure;BusinessAreaForm;Sabiedr�bas vesel�ba un vesel�bas izgl�t�ba;Public health and health education					
area_of_activity;HOUSING_MANAGEMENT;MAP;LegalEntityExtenedStructure;BusinessAreaForm;M�jok�u apsaimnieko�ana;Housing management					
area_of_activity;HUMANITIES;VHZ;LegalEntityExtenedStructure;BusinessAreaForm;V�sture un humanit�r�s zin�tnes;Humanities	 incl. history				
area_of_activity;INTERNATIONAL_AID_TO_COUNTRIES_AFFECTED_BY_DISASTERS;SPL;LegalEntityExtenedStructure;BusinessAreaForm;Starptautiska pal�dz�bas l�dzek�u nodro�in��ana katastrof�s cietu��m valst�m;Providing of international assistance to countries affected by disasters					
area_of_activity;INTERNATIONAL_DISASTER_RESPONSE_AND_RELIEF;SKS;LegalEntityExtenedStructure;BusinessAreaForm;Starptautiska katastrofu seku likvid��ana un pal�dz�ba;International disaster response and relief					
area_of_activity;INTERNATIONAL_HUMAN_RIGHTS_AND_PEACEKEEPING;SCM;LegalEntityExtenedStructure;BusinessAreaForm;Starptautisk�s cilv�kties�bas un miera uztur��ana;International human rights and peacekeeping					
area_of_activity;YOUTH_ASSOCIATION_FOUNDATION;JAU;LegalEntityExtenedStructure;BusinessAreaForm;Jaunatnes biedr�ba vai nodibin�jums;Youth association or foundation					
area_of_activity;LEGAL_ADVISORY;JUP;LegalEntityExtenedStructure;BusinessAreaForm;Juridisk� pal�dz�ba;Legal advisory					
area_of_activity;LIBRARY_OPERATION;BIB;LegalEntityExtenedStructure;BusinessAreaForm;Bibliot�ku darb�ba;Library operation					
area_of_activity;MAGAZINE_PUBLISHING;ZUR;LegalEntityExtenedStructure;BusinessAreaForm;�urn�lu izdo�ana;Publishing of magazines					
area_of_activity;MUSEUMS;MUZ;LegalEntityExtenedStructure;BusinessAreaForm;Muzeji;Museums					
area_of_activity;MUSIC_DANCE_THEATRE;MDT;LegalEntityExtenedStructure;BusinessAreaForm;M�zika	 deja	 te�tris;Music	 dance	 theatre	
area_of_activity;MUSIC_DANCE_THEATRE_SUPPORT;MDA;LegalEntityExtenedStructure;BusinessAreaForm;M�zikas	 dejas un te�tra atbalsts;Music	 dance	 theatre support		
area_of_activity;NATURE_PROTECTION;DAB;LegalEntityExtenedStructure;BusinessAreaForm;Dabas aizsardz�ba;Nature protection					
area_of_activity;NEC_ACTIVITY;CNB;LegalEntityExtenedStructure;BusinessAreaForm;Citur neklasific�ta biedr�ba vai nodibin�jums;Not elsewhere classified activity of society or foundation					
area_of_activity;NEIGHBORHOOD_DEVELOPMENT;KAA;LegalEntityExtenedStructure;BusinessAreaForm;Kopienas un apkaimes att�st�ba;Community and neighborhood development					
area_of_activity;NEWSPAPER_PUBLISHING;LAI;LegalEntityExtenedStructure;BusinessAreaForm;Laikrakstu izdo�ana;Publishing of newspapers					
area_of_activity;ORGANIZATION_OF_SPORTS_EVENTS;SPO;LegalEntityExtenedStructure;BusinessAreaForm;Sporta pas�kumu organiz��ana;Organization of sports events					
area_of_activity;OTHER_CULTURAL_ACTIVITIES;CKD;LegalEntityExtenedStructure;BusinessAreaForm;Cita kult�ras darb�ba;Other activities in culture field 					
area_of_activity;OTHER_HEALTH_ACTIVITIES;CVD;LegalEntityExtenedStructure;BusinessAreaForm;Cita ar vesel�bu saist�ta darb�ba;Other rehabilitation-related activities					
area_of_activity;OTHER_RECREATION_ACTIVITIES;CIA;LegalEntityExtenedStructure;BusinessAreaForm;Cita izklaides un atp�tas darb�ba;Other amusement and recreation activities					
area_of_activity;PHILANTHROPIC_INTERMEDIATION;FIL;LegalEntityExtenedStructure;BusinessAreaForm;Filantropijas starpniec�ba;Philanthropic intermediation					
area_of_activity;PROFESSIONAL_ASSOCIATION_FOUNDATION;PRO;LegalEntityExtenedStructure;BusinessAreaForm;Profesion�l� biedr�ba vai nodibin�jums;Professional association or foundation					
area_of_activity;PROMOTION_OF_EMPLOYMENT;NOV;LegalEntityExtenedStructure;BusinessAreaForm;Nodarbin�t�bas veicin��ana;Promotion of employment					
area_of_activity;PROMOTION_OF_VOLUNTARY_WORK;BDV;LegalEntityExtenedStructure;BusinessAreaForm;Br�vpr�t�g� darba veicin��ana;Promotion of voluntary work					
area_of_activity;PROTECTION_OF_ANIMALS;DAL;LegalEntityExtenedStructure;BusinessAreaForm;Dz�vnieku aizsardz�ba un labkl�j�ba;Protection and welfare of animals					
area_of_activity;PROTECTION_OF_HUMAN_RIGHTS;PTC;LegalEntityExtenedStructure;BusinessAreaForm;Pilsonisko ties�bu un cilv�kties�bu aizsardz�ba;Protection of citizen and human rights					
area_of_activity;RADIO_STATION;RAD;LegalEntityExtenedStructure;BusinessAreaForm;Radiostacija;Radio station					
area_of_activity;REHABILITATION;REH;LegalEntityExtenedStructure;BusinessAreaForm;Rehabilit�cija;Rehabilitation					
area_of_activity;REHABILITATION_OF_OFFENDERS;LRE;LegalEntityExtenedStructure;BusinessAreaForm;Likump�rk�p�ju rehabilit�cija;Rehabilitation of offenders					
area_of_activity;RESEARCH_MEDICINE;MED;LegalEntityExtenedStructure;BusinessAreaForm;Medic�nisk� p�tniec�ba;Research on medicine					
area_of_activity;RESEARCH_SOCIAL_SCIENCES;SZP;LegalEntityExtenedStructure;BusinessAreaForm;Soci�l�s zin�tnes	 sociolo�isk� un politikas p�tniec�ba;Research on social sciences and humanities	 sociology	 and politics		
area_of_activity;SCIENCE_TECHNOLOGY;ZUT;LegalEntityExtenedStructure;BusinessAreaForm;Zin�tne un tehnolo�ijas;Science and technology					
area_of_activity;SOCIAL_PROTECTION;SOC;LegalEntityExtenedStructure;BusinessAreaForm;Soci�l� aizsardz�ba;Social protection					
area_of_activity;SPORTS_CENTER;SPC;LegalEntityExtenedStructure;BusinessAreaForm;Sporta centrs;Sports center					
area_of_activity;SPORTS_CLUB;SPK;LegalEntityExtenedStructure;BusinessAreaForm;Sporta klubs;Sports club					
area_of_activity;SPORTS_EDUCATION;SPI;LegalEntityExtenedStructure;BusinessAreaForm;Sporta izgl�t�ba;Sports education					
area_of_activity;SPORTS_SUPPORT;SAT;LegalEntityExtenedStructure;BusinessAreaForm;Sporta atbalsts;Support to sports					
area_of_activity;SPORTS_UNION;SPA;LegalEntityExtenedStructure;BusinessAreaForm;Sporta apvien�ba un sporta feder�cija;Sports union and sports federation					
area_of_activity;SUPPORT_FAMILIES_CHILDREN;AGB;LegalEntityExtenedStructure;BusinessAreaForm;Atbalsts �imen�m un b�rniem;Support to families and children					
area_of_activity;SUPPORT_TO_VICTIMS_OF_CRIME;ANU;LegalEntityExtenedStructure;BusinessAreaForm;Atbalsts noziegumu upuriem;Support to victims of crime					
area_of_activity;TRADE_UNION;ARB;LegalEntityExtenedStructure;BusinessAreaForm;Arodbiedr�ba;Trade Union					
area_of_activity;TV_CHANNEL;TVK;LegalEntityExtenedStructure;BusinessAreaForm;TV kan�ls;TV channel					
area_of_activity;VETERINARY_SERVICES;VET;LegalEntityExtenedStructure;BusinessAreaForm;Veterin�rie pakalpojumi;Veterinary services					
area_of_activity;VISUAL_ARTS;VIZ;LegalEntityExtenedStructure;BusinessAreaForm;Vizu�l� m�ksla;Visual arts					
area_of_activity;VOLUNTEER_FIRE_ORGANIZATION;BUO;LegalEntityExtenedStructure;BusinessAreaForm;Br�vpr�t�go ugunsdz�s�ju organiz�cija;Volunteer fire organization					
authority;CHANCERY_OF_PRESIDENT;;;;Valsts prezidenta kanceleja;Chancery of the President of Latvia					
authority;COURT;;;;Tiesa ;Court					
authority;DERIVED_PUBLIC_PERSON;;;;Atvasin�ta publiska persona;Derived public person					
authority;INSTITUTION_OF_DIRECT_ADMINISTRATION;;;;Tie��s p�rvaldes iest�de;Institution of direct administration					
authority;INSTITUTION_OF_INDIRECT_ADMINISTRATION;;;;Pastarpin�t�s p�rvaldes iest�de;Institution of indirect administration					
authority;OTHER_AUTHORITY;;;;Cita valsts iest�de;Other public authority					
authority;PARLIAMENT;;;;Latvijas Republikas Saeima;Latvian Parliament					
authority;PROSECUTION_OFFICE;;;;Prokurat�ra;Prosecution Office					
capital;CONDITIONAL_EQUITY;NOS;LegalEntityExtenedStructure;CapitalForm;Nosac�tais pamatkapit�ls;Conditional equity					
capital;EQUITY_KB;PKB;LegalEntityExtenedStructure;CapitalForm;Pamatkapit�ls (KB);Equity�of KB (Co-operative Society)					
capital;FOUNDING_AS;DIB;LegalEntityExtenedStructure;CapitalForm;Dibin��anas kapit�ls (AS);Founding capital of AS (PLC)					
capital;HISTORICAL_EQUITY;OBC;LegalEntityExtenedStructure;CapitalForm;Pamatkapit�ls (v�sture);Equity (history)					
capital;INVESTMENT;KOM;LegalEntityExtenedStructure;CapitalForm;Ieguld�jums;Investment					
capital;MINIMUM_RESERVES;OBL;LegalEntityExtenedStructure;CapitalForm;Oblig�t� rezerve;Minimum reserves					
capital;PAID_UP_EQUITY;APM;LegalEntityExtenedStructure;CapitalForm;Apmaks�tais pamatkapit�ls;Paid-up equity					
capital;REGISTERED_AS;RGP;LegalEntityExtenedStructure;CapitalForm;Re�istr�tais kapit�ls (AS);Registered capital of AS (PLC)					
capital;REGISTERED_EQUITY;REG;LegalEntityExtenedStructure;CapitalForm;Re�istr�tais pamatkapit�ls;Registered equity					
change;ACTIVITY;dv;LegalEntityExtenedStructure;ChangesRecord;Darb�bas veidu mai�a;Change of activity					
change;ADDRESS;adrese;LegalEntityExtenedStructure;ChangesRecord;Adreses mai�a;Change of legal address					
change;BENEFICIAL_OWNER;plg;LegalEntityExtenedStructure;ChangesRecord;Izmai�as patiesajos labuma guv�jos;Change in beneficial owners					
change;BRANCH;fil;LegalEntityExtenedStructure;ChangesRecord;Izmai�as fili�l�s;Change in branches					
change;EQUITY_CAPITAL;pk;LegalEntityExtenedStructure;ChangesRecord;Pamatkapit�la mai�a;Change of equity capital					
change;LIQUIDATION;;;;Izmai�as saist�b� ar likvid�cijas procesu;Change concerning liquidation proceedings					
change;MEMBER;dibin;LegalEntityExtenedStructure;ChangesRecord;Izami�as dal�bniekos;Change in members					
change;NAME;nosaukumi;LegalEntityExtenedStructure;ChangesRecord;Nosaukuma mai�a;Change of legal name					
change;NEW;;;;Re�istr�ts jauns subjekts;New entity was registered					
change;OFFICER;pers;LegalEntityExtenedStructure;ChangesRecord;Izmai�as amatperson�s;Change in officers					
change;OTHER_CHANGE;others;LegalEntityExtenedStructure;ChangesRecord;Citas izmai�as;Unidentified type of change					
change;PROCURATION;prok;LegalEntityExtenedStructure;ChangesRecord;Izmai�as prokuristos;Change in procurations					
change;REMOVAL;;;;Subjekts no re�istra izsl�gts;Entity was removed					
change;REORGANIZATION;;;;Izmai�as saist�b� ar reorganiz�cijas procesu;Change concerning reorganisation proceedings					
change;REREGISTRATION;reg;LegalEntityExtenedStructure;ChangesRecord;Re�istra mai�a;Change of register					
change;SECURING_MEASURE;arests;LegalEntityExtenedStructure;ChangesRecord;Nodro�in�juma l�dzek�u mai�a;Change in securing measures					
"change_reason;ADDRESS_UPDATED;K;LegalEntityExtenedStructure;ChangeReason;""Aktualiz�ts"	" pamatojoties uz likuma """"Par Latvijas Republikas Uz��mumu re�istru"""" 4.4panta tre�o da�u"";Updated on the basis of Paragraph three"	 Article 4.4 of the Law on the Enterprise Register of the Republic of Latvia			
change_reason;ANNULLED;A;LegalEntityExtenedStructure;ChangeReason;Anul�ts;Entry annulled					
change_reason;EQUITY_RECALCULATED;C;LegalEntityExtenedStructure;ChangeReason;Pamatkapit�ls p�rr��in�ts	 pamatojoties uz Komerclikuma p�rejas noteikumu 52.p;The equity capital recalculated in conformity�with Paragraph 52 of the transitional provisions of the�Commercial Law				
change_reason;LATVIAN_IN_UPDATED;P;LegalEntityExtenedStructure;ChangeReason;Aktualiz�ts personas kods	 pamatojoties uz Iedz�vot�ju re�istra datiem;Latvian identity number updated according to data from the Latvian Population Register				
decisive_influence;GROUP_OF_COMPANIES_CONTRACT;K;LegalEntityExtenedStructure;InfluenceForm;Koncernu l�gums;Group of Companies Contract					
decisive_influence;PARTICIPATION;L;LegalEntityExtenedStructure;InfluenceForm;L�dzdal�ba;Participation					
decisive_influence_details;CONTROL;V;LegalEntityExtenedStructure;BaseGroupForm;P�rvaldes l�gums;Control Agreement					
decisive_influence_details;CONTROL_AND_PROFIT_TRANSFER;A;LegalEntityExtenedStructure;BaseGroupForm;P�rvaldes un pe��as nodo�anas l�gums;Control and Profit Transfer Agreement 					
decisive_influence_details;HAS_EXERCISED_RIGHTS;G;LegalEntityExtenedStructure;BaseGroupForm;uz��mums ir sabiedr�bas dal�bnieks un	 izmantojot vien�gi savas dal�bnieka ties�bas	 p�rskata gada laik� ir iec�lis sabiedr�bas izpildinstit�cijas vai p�rraudz�bas instit�cijas locek�u vair�kumu;Undertaking is a shareholder of the company and has only exercised its shareholder�s rights to elect the majority of members of the company�s executive body or supervisory body during the accounting year			
decisive_influence_details;HAS_MAJORITY;B;LegalEntityExtenedStructure;BaseGroupForm;uz��mumam sabiedr�b� ir balssties�bu vair�kums;Undertaking has the majority of votes in the company					
decisive_influence_details;HAS_RIGHTS;P;LegalEntityExtenedStructure;BaseGroupForm;uz��mumam k� sabiedr�bas dal�bniekam ir ties�bas iecelt vai atcelt sabiedr�bas izpildinstit�cijas vai p�rraudz�bas instit�cijas locek�u vair�kumu;Undertaking as a shareholder of the company has the right to elect or dismiss the majority of members of the company�s executive body or supervisory body					
decisive_influence_details;HAS_SOLE_CONTROL;K;LegalEntityExtenedStructure;BaseGroupForm;uz��mums ir sabiedr�bas dal�bnieks un	 pamatojoties uz vieno�anos ar citiem dal�bniekiem	 viens pats kontrol� balssties�bu vair�kumu sabiedr�b�;Undertaking is a shareholder of the company and has sole control over the majority of voting rights in the company based on the agreement with other shareholders			
decisive_influence_details;PROFIT_TRANSFER;P;LegalEntityExtenedStructure;BaseGroupForm;Pe��as nodo�anas l�gums;Profit Transfer Agreement					
governing_body;ADMINISTRATION;ADM;LegalEntityExtenedStructure;Institution;Administr�cija;Administration					
governing_body;AUDIT_COMMITTEE;RVZ;LegalEntityExtenedStructure;Institution;Rev�zijas komisija;Audit Committee					
governing_body;AUDITOR;REV;LegalEntityExtenedStructure;Institution;Revidents;Auditor					
governing_body;BOARD_DIRECTORS;DVL;LegalEntityExtenedStructure;Institution;Direktoru valde;Board of Directors					
governing_body;CENTRAL_COMMITTEE;CKM;LegalEntityExtenedStructure;Institution;Centr�lkomiteja;Central Committee					
governing_body;CITY_COUNCIL;DOM;LegalEntityExtenedStructure;Institution;Dome;City Council					
governing_body;COLLEGIUM;KOL;LegalEntityExtenedStructure;Institution;Kol��ija;Collegium					
governing_body;COMMITTEE;KOM;LegalEntityExtenedStructure;Institution;Komiteja;Committee					
governing_body;CONFERENCE;KNF;LegalEntityExtenedStructure;Institution;Konference;Conference					
governing_body;CONGRESS;KNG;LegalEntityExtenedStructure;Institution;Kongress;Congress					
governing_body;CONVENTION;KNV;LegalEntityExtenedStructure;Institution;Konvents;Convention					
governing_body;COORDINATION_COUNCIL;KPD;LegalEntityExtenedStructure;Institution;Koordin�cijas padome;Coordination Council					
governing_body;COUNCIL_DIRECTORS;DPD;LegalEntityExtenedStructure;Institution;Direktoru padome;Council of Directors					
governing_body;DIRECTORATE;DIR;LegalEntityExtenedStructure;Institution;Direkcija;Directorate					
governing_body;EXECUTIVE_BOARD;VAL;LegalEntityExtenedStructure;Institution;Valde;Executive Board					
governing_body;EXECUTIVE_BODY;IZN;LegalEntityExtenedStructure;Institution;Izpildinstit�cija;Executive Body					
governing_body;EXECUTIVE_COMMITTEE;IKM;LegalEntityExtenedStructure;Institution;Izpildkomiteja;Executive Committee					
governing_body;GENERAL_MEETING;KOP;LegalEntityExtenedStructure;Institution;Kopsapulce;General Meeting					
governing_body;LIQUIDATION_COMMITTEE;LKK;LegalEntityExtenedStructure;Institution;Likvid�cijas komisija;Liquidation Committee					
governing_body;MANAGEMENT_BODY;VIN;LegalEntityExtenedStructure;Institution;Vad�bas instit�cija;Management Body					
governing_body;PRESIDIUM;PRZ;LegalEntityExtenedStructure;Institution;Prezidijs;Presidium					
governing_body;SECRETARIAT;SKR;LegalEntityExtenedStructure;Institution;Sekretari�ts;Secretariat					
governing_body;SENATE;SNT;LegalEntityExtenedStructure;Institution;Sen�ts;Senate					
governing_body;STAFF_COMMITTEE;ARK;LegalEntityExtenedStructure;Institution;Arodkomiteja;Staff Committee					
governing_body;SUPERVISORY_BOARD;PAD;LegalEntityExtenedStructure;Institution;Padome;Supervisory Board					
identity_document;DRIVING_LICENCE;VA;LegalEntityExtenedStructure;DocumentType;Vad�t�ja apliec�ba;Driving Licence					
identity_document;FOREIGN_PASSPORT;AP;LegalEntityExtenedStructure;DocumentType;�rzemju pase;Foreign Passport					
identity_document;IDENTITY_CARD;IK;LegalEntityExtenedStructure;DocumentType;Identifik�cijas karte;Identification Card					
identity_document;OTHER_DOCUMENT;CT;LegalEntityExtenedStructure;DocumentType;Cits dokuments;Other document					
identity_document;PASSPORT;PS;LegalEntityExtenedStructure;DocumentType;Pase;Passport					
legal_act;DECISION;;;;L�mums;Decision					
legal_act;LAW;;;;Likums;Law					
legal_act;ORDER;;;;R�kojums;Order					
legal_act;OTHER_LEGAL_ACT;;;;Cits;Other					
legal_act;PROTOCOL;;;;Protokols;Protocol					
legal_act;RULES;;;;Noteikumi;Rules					
legal_form;ADDITIONAL_LIABILITY_COMPANY_PAP;PAP;LegalEntityExtenedStructure;LegalForm;Sabiedr�ba ar papildu atbild�bu  (v�sturiska forma);Additional Liability Company (historical form)					
legal_form;ALLIANCE_OF_POLITICAL_PARTIES_PPA;PPA;LegalEntityExtenedStructure;LegalForm;Politisko partiju apvien�ba;Alliance of Political Parties					
legal_form;ARBITRATION_COURT_SKT;SKT;LegalEntityExtenedStructure;LegalForm;���r�jtiesa;Arbitration Court					
legal_form;ASSOCIATION_BDR;BDR;LegalEntityExtenedStructure;LegalForm;Biedr�ba;Association					
legal_form;ASSOCIATION_OF_PUBLIC_ORGANISATIONS_SAA;SAA;LegalEntityExtenedStructure;LegalForm;Sabiedrisko organiz�ciju apvien�ba (v�sturiska forma);Association of Public Organisations (historical form)					
legal_form;ASSOCIATION_OF_PUBLIC_SPORTS_ORGANISATIONS_SPA;SPA;LegalEntityExtenedStructure;LegalForm;Sporta sabiedrisko organiz�ciju apvien�ba (v�sturiska forma);Association of Public Sports Organisations (historical form)					
legal_form;ASSOCIATION_OF_TRADE_UNIONS_ARA;ARA;LegalEntityExtenedStructure;LegalForm;Arodbiedr�bu apvien�ba;Association of Trade Unions					
legal_form;BRANCH_FIL;FIL;LegalEntityExtenedStructure;LegalForm;Fili�le;Branch					
legal_form;BRANCH_OF_EUROPEAN_ECONOMIC_INTEREST_GROUPING_EGF;EGF;LegalEntityExtenedStructure;LegalForm;Eiropas ekonomisko intere�u grupas fili�le;Branch of European Economic Interest Grouping					
legal_form;BRANCH_OF_FOREIGN_COMPANY_AKF;AKF;LegalEntityExtenedStructure;LegalForm;�rvalsts komersanta fili�le;Branch of Foreign Company					
legal_form;CHURCH_BAZ;BAZ;LegalEntityExtenedStructure;LegalForm;Bazn�ca;Church					
legal_form;CONGREGATION_DRZ;DRZ;LegalEntityExtenedStructure;LegalForm;Draudze;Congregation					
legal_form;COOPERATIVE_SHARE_COMPANY_PAJ;PAJ;LegalEntityExtenedStructure;LegalForm;Paju sabiedr�ba  (v�sturiska forma);Co-operative Share Company (historical form)					
legal_form;COOPERATIVE_SOCIETIES_COMPANY_KBU;KBU;LegalEntityExtenedStructure;LegalForm;Kooperat�vo biedr�bu uz��mums (v�sturiska forma);Undertaking of Co-operative Societies �(historical form)					
legal_form;COOPERATIVE_SOCIETY_KB;KB;LegalEntityExtenedStructure;LegalForm;Kooperat�v� sabiedr�ba;Co-operative Society					
legal_form;DEACONATE_INSTITUTION_DIS;DIS;LegalEntityExtenedStructure;LegalForm;Diakonijas iest�de (v�sturiska forma);Deaconate Institution (historical form)					
legal_form;DIOCESE_DIE;DIE;LegalEntityExtenedStructure;LegalForm;Diec�ze;Diocese					
legal_form;EDUCATION_INSTITUTION_FOR_ECCLESIASTICS_GPM;GPM;LegalEntityExtenedStructure;LegalForm;Gar�g� person�la m�c�bu iest�de (v�sturiska forma);Education Institution for Ecclesiastics (historical form)					
legal_form;EUROPEAN_COMPANY_SE;SE;LegalEntityExtenedStructure;LegalForm;Eiropas komercsabiedr�ba;European Company�					
legal_form;EUROPEAN_COOPERATIVE_SOCIETY_SCE;SCE;LegalEntityExtenedStructure;LegalForm;Eiropas kooperat�v� sabiedr�ba;European Cooperative Society					
legal_form;EUROPEAN_ECONOMIC_INTEREST_GROUPING_EIG;EIG;LegalEntityExtenedStructure;LegalForm;Eiropas ekonomisko intere�u grupa;European Economic Interest Grouping					
legal_form;FAMILY_UNDERTAKING_GIM;GIM;LegalEntityExtenedStructure;LegalForm;�imenes uz��mums �(v�sturiska forma);Family Undertaking (historical form)					
legal_form;FARM_ZEM;ZEM;LegalEntityExtenedStructure;LegalForm;Zemnieku saimniec�ba;Farm					
legal_form;FISHING_UNDERTAKING_ZVJ;ZVJ;LegalEntityExtenedStructure;LegalForm;Zvejnieku saimniec�ba;Fishing Undertaking					
legal_form;FOREIGN_REPRESENTATIVE_OFFICE_AKP;AKP;LegalEntityExtenedStructure;LegalForm;�rvalsts komersanta p�rst�vniec�ba (v�sturiska forma);Foreign Representative Office (historical form)					
legal_form;FOREIGN_REPRESENTATIVE_OFFICE_PAR;PAR;LegalEntityExtenedStructure;LegalForm;�rvalsts komersanta p�rst�vniec�ba;Foreign Representative Office�					
legal_form;FOUNDATION_NOD;NOD;LegalEntityExtenedStructure;LegalForm;Nodibin�jums;Foundation					
legal_form;FULL_LIABILITY_PARTNERSHIP_LIG;LIG;LegalEntityExtenedStructure;LegalForm;L�gumsabiedr�ba ar pilnu atbild�bu (v�sturiska forma);Full Liability Partnership (historical form)					
legal_form;GENERAL_PARTNERSHIP_PS;PS;LegalEntityExtenedStructure;LegalForm;Pilnsabiedr�ba;General Partnership					
legal_form;INDIVIDUAL_UNDERTAKING_IND;IND;LegalEntityExtenedStructure;LegalForm;Individu�lais uz��mums;Individual Undertaking					
legal_form;INSTITUTION_OF_RELIGIOUS_ORGANISATION_ROI;ROI;LegalEntityExtenedStructure;LegalForm;Iest�de;Institution of Religious Organisation					
legal_form;JURIDIC_PERSON_UNDER_CANON_LAW_KAT;KAT;LegalEntityExtenedStructure;LegalForm;Kato�u bazn�cas publisko ties�bu juridisk� persona;Juridic person governed by the Canon law of the Catholic Church					
legal_form;LIMITED_LIABILITY_COMPANY_SIA;SIA;LegalEntityExtenedStructure;LegalForm;Sabiedr�ba ar ierobe�otu atbild�bu;Limited Liability Company					
legal_form;LIMITED_PARTNERSHIP_KS;KS;LegalEntityExtenedStructure;LegalForm;Komand�tsabiedr�ba;Limited Partnership					
legal_form;MISSION_MIS;MIS;LegalEntityExtenedStructure;LegalForm;Misija (v�sturiska forma);Mission �(historical form)					
legal_form;MONASTERY_KLO;KLO;LegalEntityExtenedStructure;LegalForm;Klosteris (v�sturiska forma);Monastery (historical form)					
legal_form;MUNICIPAL_COMPANY_PSV;PSV;LegalEntityExtenedStructure;LegalForm;Pa�vald�bas uz��mums (v�sturiska forma);Municipal Company (historical form)					
legal_form;NEW_CONGREGATION_DRJ;DRJ;LegalEntityExtenedStructure;LegalForm;Draudze (jaun�);Congregation (new)					
legal_form;OPEN_PUBLIC_FUND_ASF;ASF;LegalEntityExtenedStructure;LegalForm;Atkl�tais sabiedriskais fonds (v�sturiska forma);Open Public Fund �(historical form)					
legal_form;PERMANENT_UNIT_OF_TRADE_UNION_ARV;ARV;LegalEntityExtenedStructure;LegalForm;Arodbiedr�bas patst�v�g� vien�ba;Permanent Unit of Trade Union					
legal_form;POLITICAL_ORGANISATION_PARTY_POL;POL;LegalEntityExtenedStructure;LegalForm;Politiska organiz�cija	 partija (v�sturiska forma);Political Organisation	 Party (historical form)			
legal_form;POLITICAL_PARTY_PP;PP;LegalEntityExtenedStructure;LegalForm;Politisk� partija;Political Party					
legal_form;PROFESSIONAL_CORPORATION_KOR;KOR;LegalEntityExtenedStructure;LegalForm;Korpor�cija	 profesion�l� biedr�ba (v�sturiska forma);Corporation	 Professional Association (historical form)			
legal_form;PROFESSIONAL_CREATIVE_ORGANISATION_PRO;PRO;LegalEntityExtenedStructure;LegalForm;Profesion�l� rado�� organiz�cija (v�sturiska forma);Trade Union (historical form)					
legal_form;PUBLIC_BODY;PPI;LegalEntityExtenedStructure;LegalForm;Publisk� persona vai iest�de;Public person or authority					
legal_form;PUBLIC_LIMITED_COMPANY_AS;AS;LegalEntityExtenedStructure;LegalForm;Akciju sabiedr�ba;Public Limited Company					
legal_form;PUBLIC_ORGANISATION_ENTERPRISE_SOU;SOU;LegalEntityExtenedStructure;LegalForm;Sabiedrisk�s organiz�cijas uz��mums (v�sturiska forma);Undertaking of Public Organisation (historical form)					
legal_form;PUBLIC_ORGANISATION_SAB;SAB;LegalEntityExtenedStructure;LegalForm;Sabiedrisk� organiz�cija (v�sturiska forma);Public Organisation �(historical form)					
legal_form;PUBLIC_SPORTS_ORGANISATION_SPO;SPO;LegalEntityExtenedStructure;LegalForm;Sporta sabiedrisk� organiz�cija  (v�sturiska forma);Public Sports Organisation (historical form)					
legal_form;RELIGIOUS_ASSOCIATION_BIE;BIE;LegalEntityExtenedStructure;LegalForm;Biedr�ba rel.  (v�sturiska forma);Religious Association (historical form)					
legal_form;RELIGIOUS_ORGANISATION_ENTERPRISE_REL;REL;LegalEntityExtenedStructure;LegalForm;Reli�iskas organiz�cijas uz��mums (v�sturiska forma);Undertaking of Religious Organisation �(historical form)					
legal_form;RELIGIOUS_UNION_SAV;SAV;LegalEntityExtenedStructure;LegalForm;Savien�ba;Religious Union					
legal_form;REPRESENTATIVE_OFFICE_OF_FOREIGN_ORGANISATION_POR;POR;LegalEntityExtenedStructure;LegalForm;�rvalsts organiz�cijas p�rst�vniec�ba;Representative Office of Foreign Organisation					
legal_form;REPRESENTATIVE_OFFICE_PAR;PAR;LegalEntityExtenedStructure;LegalForm;P�rst�vniec�ba (v�sturiska forma);Representative Office (historical form)					
legal_form;REPRESENTATIVE_PRV;PRV;LegalEntityExtenedStructure;LegalForm;P�rst�vis (v�sturiska forma);Representative (historical form)					
legal_form;SOLE_TRADER_IK;IK;LegalEntityExtenedStructure;LegalForm;Individu�lais komersants;Sole trader					
legal_form;SPIRITUAL_CENTRE_CEN;CEN;LegalEntityExtenedStructure;LegalForm;Centrs  (v�sturiska forma);Spiritual Centre (historical form)					
legal_form;STATE_OWNED_ENTERPRISE_VU;VU;LegalEntityExtenedStructure;LegalForm;Valsts uz��mums  (v�sturiska forma);State-owned Enterprise (historical form)					
legal_form;TRADE_UNION_ARB;ARB;LegalEntityExtenedStructure;LegalForm;Arodbiedr�ba;Trade Union					
legal_form;TRADE_UNION_HISTORICAL_ARB;ARB;LegalEntityExtenedStructure;LegalForm;Arodbiedr�ba (v�sturiska forma);Trade Union (historical form)					
legal_form;UNDERTAKING_OF_COMPANY_UZN;UZN;LegalEntityExtenedStructure;LegalForm;Uz��m�jsabiedr�bas uz��mums (v�sturiska forma);Undertaking of Company (historical form)					
legal_form;UNION_OF_COOPERATIVE_SOCIETIES_COMPANY_KSS;KSS;LegalEntityExtenedStructure;LegalForm;Kooperat�vo biedr�bu savien�bas uz��mums  (v�sturiska forma);Undertaking of Union of Co-operative Societies (historical form)					
legal_form;UNION_OF_COOPRATIVE_SOCIETIES_KBS;KBS;LegalEntityExtenedStructure;LegalForm;Kooperat�vo biedr�bu savien�ba  (v�sturiska forma);Union of Co-oprative Societies �(historical form)					
liquidation_suspension_prohibition;ACTIVITY_CONTINUED;L2;LegalEntityExtenedStructure;LiquidationForm;Darb�bas turpin��ana;Activity continued					
liquidation_suspension_prohibition;ACTIVITY_OF_RELIGIOUS_ORGANISATION_TERMINATED;RR;LegalEntityExtenedStructure;LiquidationForm;Reli�iskas organiz�cijas darb�bas izbeig�ana;Activity of a Religious Organisation terminated					
liquidation_suspension_prohibition;ACTIVITY_RESTORED;L9;LegalEntityExtenedStructure;LiquidationForm;Darb�bas atjauno�ana;Activity restored					
liquidation_suspension_prohibition;ACTIVITY_SUSPENDED;L1;LegalEntityExtenedStructure;LiquidationForm;Darb�bas aptur��ana;Activity suspended 					
liquidation_suspension_prohibition;ACTIVITY_SUSPENDED_BY_COURT;LB;LegalEntityExtenedStructure;LiquidationForm;Darb�bas aptur��ana uz tiesas l�muma pamata;Activity suspended by a court decision					
liquidation_suspension_prohibition;ACTIVITY_TERMINATED;LD;LegalEntityExtenedStructure;LiquidationForm;Darb�bas izbeig�ana;Activity terminated 					
liquidation_suspension_prohibition;ACTIVITY_TERMINATED_BY_COURT;LC;LegalEntityExtenedStructure;LiquidationForm;Darb�bas izbeig�ana uz tiesas l�muma pamata;Activity terminated by a court decision					
liquidation_suspension_prohibition;ECONOMIC_ACTIVITY_RESTORED;L8;LegalEntityExtenedStructure;LiquidationForm;Saimniecisk�s darb�bas atjauno�ana;Economic activity restored					
liquidation_suspension_prohibition;ECONOMIC_ACTIVITY_SUSPENDED;L7;LegalEntityExtenedStructure;LiquidationForm;Saimniecisk�s darb�bas aptur��ana;Economic activity suspended					
liquidation_suspension_prohibition;EEIG_DECLARED_TO_BE_NONEXISTENT;LA;LegalEntityExtenedStructure;LiquidationForm;EEIG atz�ta par neeso�u;EEIG declared to be non-existent					
liquidation_suspension_prohibition;LIQUIDATION;LI;LegalEntityExtenedStructure;LiquidationForm;Likvid�cijas process;Liquidation proceeding					
liquidation_suspension_prohibition;NON_REREGISTRATION;RK;LegalEntityExtenedStructure;LiquidationForm;Nep�rre�istr�cija;Non Re-registration					
liquidation_suspension_prohibition;PROHIBITION_ON_BUSINESS_ACTIVITY;L5;LegalEntityExtenedStructure;LiquidationForm;Aizliegums veikt uz��m�jdarb�bu;Prohibition on business activity					
liquidation_suspension_prohibition;PROHIBITION_ON_BUSINESS_ACTIVITY_REMOVED;L6;LegalEntityExtenedStructure;LiquidationForm;Aizlieguma veikt uz��m�jdarb�bu atcel�ana;Prohibition on business activity removed					
liquidation_suspension_prohibition;PROHIBITION_ON_PUBLIC_ACTIVITY;L3;LegalEntityExtenedStructure;LiquidationForm;Publisk�s darb�bas vai citas darb�bas aizliegums;Prohibition on public activity or other activity					
liquidation_suspension_prohibition;PROHIBITION_ON_PUBLIC_ACTIVITY_REMOVED;L4;LegalEntityExtenedStructure;LiquidationForm;Publisk�s darb�bas vai citas darb. aizlieg. atc.;Prohibition on public activity or other activity removed					
liquidation_suspension_prohibition;REFORM_OF_ASSOCIATIONS;RB;LegalEntityExtenedStructure;LiquidationForm;Biedr�bu reforma;Reform of Associations					
liquidation_suspension_prohibition;REFORM_OF_POLITICAL_PARTIES;RP;LegalEntityExtenedStructure;LiquidationForm;Polistiko partiju reforma;Reform of Political Parties					
liquidation_suspension_prohibition_result;ACTIVITY_CONTINUED;U;LegalEntityExtenedStructure;Result;Darb�bas turpin��ana;Activity continued					
liquidation_suspension_prohibition_result;ACTIVITY_RESTORED;E;LegalEntityExtenedStructure;Result;Darb�bas atjauno�ana;Activity restored					
liquidation_suspension_prohibition_result;ACTIVITY_TERMINATED;D;LegalEntityExtenedStructure;Result;Darb�ba izbeigta;Activity terminated					
liquidation_suspension_prohibition_result;ANNULLED_PROCEEDING;A;LegalEntityExtenedStructure;Result;Anul�ts;Annulled					
liquidation_suspension_prohibition_result;CANCELLED;P;LegalEntityExtenedStructure;Result;P�rtraukts;Cancelled					
liquidation_suspension_prohibition_result;ECONOMIC_ACTIVITY_RESTORED;J;LegalEntityExtenedStructure;Result;Saimniecisk�s darb�bas atjauno�ana;Economic activity restored					
liquidation_suspension_prohibition_result;IN_PROGRESS;R;LegalEntityExtenedStructure;Result;Process risin�s;In progress					
liquidation_suspension_prohibition_result;IN_REHABILITATION;S;LegalEntityExtenedStructure;Result;San�ts;In rehabilitation					
liquidation_suspension_prohibition_result;LIQUIDATED;L;LegalEntityExtenedStructure;Result;Likvid�ts;Liquidated					
liquidation_suspension_prohibition_result;PROHIBITON_ON_BUSINESS_ACTIVITY_REMOVED;I;LegalEntityExtenedStructure;Result;Aizlieguma veikt uz��m�jdarb�bu atcel�ana;Prohibition on business activity removed					
liquidation_suspension_prohibition_result;PROHIBITON_ON_PUBLIC_ACTIVITY_REMOVED;T;LegalEntityExtenedStructure;Result;Publisk�s darb�bas vai citas darb�bas aizlieguma atcel�ana;Prohibition on public activity or other activity removed					
nature_of_control;AS_COOPERATIVE_MEMBER;KK;LegalEntityExtenedStructure;NatureOfControl;k� kooperat�v�s sabiedr�bas biedrs;as a cooperative society member					
nature_of_control;AS_FOUNDATION_FOUNDER;KN;LegalEntityExtenedStructure;NatureOfControl;k� nodibin�juma dibin�t�js;as a foundation founder					
nature_of_control;AS_MEMBER;KD;LegalEntityExtenedStructure;NatureOfControl;k� dal�bnieks;as a member					
nature_of_control;AS_OWNER;KS;LegalEntityExtenedStructure;NatureOfControl;k� �pa�nieks;as the owner					
nature_of_control;AS_PARTNERSHIP_MEMBER;KP;LegalEntityExtenedStructure;NatureOfControl;k� person�lsabiedr�bas biedrs;as a partnership member					
nature_of_control;AS_REPRESENTATIVE;KI;LegalEntityExtenedStructure;NatureOfControl;k� izpildinstit�cijas vai p�rvaldes instit�cijas p�rst�vis;as a representative of the executive institution or of the administrative body					
nature_of_control;AS_SHAREHOLDER;KA;LegalEntityExtenedStructure;NatureOfControl;k� akcion�rs;as a shareholder					
nature_of_control;AS_SOCIETY_MEMBER;KB;LegalEntityExtenedStructure;NatureOfControl;k� biedr�bas biedrs;as a society member					
nature_of_control;ON_GROUNDS_OF_AUTHORIZATION;PP;LegalEntityExtenedStructure;NatureOfControl;uz pilnvarojuma l�guma pamata;on grounds of the Power of Attorney					
nature_of_control;ON_GROUNDS_OF_BUSINESS_RELATIONS;CA;LegalEntityExtenedStructure;NatureOfControl;uz dar�juma attiec�bu pamata;on grounds of the business relations					
nature_of_control;ON_GROUNDS_OF_PROPERTY_RIGHT;IP;LegalEntityExtenedStructure;NatureOfControl;uz �pa�umties�bu pamata;on grounds of the property right					
nature_of_control;OTHER_TYPE_OF_CONTROL;C;LegalEntityExtenedStructure;NatureOfControl;cits;other					
nature_of_control;VIA_ARRANGEMENT_AS_AUTHORIZING_PERSON;CP;LegalEntityExtenedStructure;NatureOfControl;caur juridisko veidojumu k� pilnvarot�js;via legal arrangement as the authorizing person					
nature_of_control;VIA_ARRANGEMENT_AS_FOUNDER;CD;LegalEntityExtenedStructure;NatureOfControl;caur juridisko veidojumu k� dibin�t�js;via legal arrangement as the founder					
nature_of_control;VIA_ARRANGEMENT_AS_MANAGING_PERSON;CR;LegalEntityExtenedStructure;NatureOfControl;caur juridisko veidojumu k� p�rvald�t�js;via legal arrangement as the managing person					
position;ADMINISTRATIVE_MANAGER;;;;Administrat�vais vad�t�js;Administrative Manager					
position;ADMINISTRATOR;ADM;LegalEntityExtenedStructure;Position;Administrators;Administrator					
position;ARBITRATOR;SKT;LegalEntityExtenedStructure;Position;Tiesnesis;Arbitrator					
position;AUDITOR;RVD;LegalEntityExtenedStructure;Position;Revidents;Auditor					
position;AUTHORISED_REPRESENTATIVE;PVP;LegalEntityExtenedStructure;Position;Pilnvarotais p�rst�vis;Authorised representative					
position;BOARD_MEMBER;VLO;LegalEntityExtenedStructure;Position;Valdes loceklis;Member of the Board					
position;BRANCH_REPRESENTATIVE;FIL;LegalEntityExtenedStructure;Position;Persona	 kura pilnvarota p�rst�v�t komersantu darb�b�s	 kas saist�tas ar fili�li;A person authorized to represent the merchant in activities related to a branch			
position;CHAIR_OF_BOARD;VPR;LegalEntityExtenedStructure;Position;Valdes priek�s�d�t�js;Chairperson of the Board					
position;CHAIR_OF_SUPERVISORY_BOARD;PPR;LegalEntityExtenedStructure;Position;Padomes priek�s�d�t�js;Chairman of the Supervisory Board					
position;CO_OWNER;LIP;LegalEntityExtenedStructure;Position;L�dz�pa�nieks;Co-owner					
position;DEPUTY_CHAIR_OF_SUPERVISORY_BOARD;PPV;LegalEntityExtenedStructure;Position;Padomes priek�s�d�t�ja vietnieks;Deputy Chairman of the Supervisory Board					
position;ESTATE_TRUSTEE;MAG;LegalEntityExtenedStructure;Position;Mantojuma aizg�dnis;Estate Trustee					
position;GENERAL_MANAGER;;;;Vad�t�js;General Manager					
position;GUARDIAN;ABD;LegalEntityExtenedStructure;Position;Aizbildnis;Guardian of a minor					
position;LIQUIDATOR;LKV;LegalEntityExtenedStructure;Position;Likvidators;Liquidator					
position;MANAGER;VAD;LegalEntityExtenedStructure;Position;Vad�t�js;Manager					
position;MANAGING_DIRECTOR;RDR;LegalEntityExtenedStructure;Position;R�kot�jdirektors;Managing Director					
position;MEMBER;BDR;LegalEntityExtenedStructure;Position;Biedrs;Member					
position;OWNER;IPN;LegalEntityExtenedStructure;Position;�pa�nieks;Owner					
position;PRESIDENT;PRZ;LegalEntityExtenedStructure;Position;Prezidents;President					
position;REPRESENTATIVE_MANAGER;PAR;LegalEntityExtenedStructure;Position;P�rvaldnieks;Representative manager					
position;REPRESENTATIVE_OF_THE_LIQUIDATOR;LKP;LegalEntityExtenedStructure;Position;Likvidatora p�rst�vis;Representative of the Liquidator					
position;SUPERVISORY_BOARD_MEMBER;PLO;LegalEntityExtenedStructure;Position;Padomes loceklis;Member of the Supervisory Board					
position;REPRESENTATIVE_OF_THE_ADMINISTRATOR;ADP;LegalEntityExtenedStructure;Position;Administratora p�rst�vis;Administrator representative					
register;ARBITRAGE;T;LegalEntityExtenedStructure;Register;���r�jtiesu re�istrs;Arbitrage Register					
register;ASSOCIATIONS_AND_FOUNDATIONS;B;LegalEntityExtenedStructure;Register;Biedr�bu un nodibin�jumu re�istrs;Register of Associations and Foundations					
register;COMMERCIAL;K;LegalEntityExtenedStructure;Register;Komercre�istrs;Commercial Register					
register;COMMERCIAL_PLEDGES;KK;LegalEntityExtenedStructure;Register;Komerc��lu re�istrs;Register of Commercial Pledges					
register;ENTERPRISE_REGISTER_JOURNAL;U;LegalEntityExtenedStructure;Register;Uz��mumu re�istra �urn�ls;Enterprise Register Journal					
register;EUROPEAN_ECONOMIC_INTEREST_GROUPINGS;E;LegalEntityExtenedStructure;Register;Eiropas ekonomisko intere�u grupu re�istrs;Register of European Economic Interest Groupings					
register;INSOLVENCY;MN;LegalEntityExtenedStructure;Register;Maks�tnesp�jas re�istrs;Insolvency register					
register;MASS_MEDIA;M;LegalEntityExtenedStructure;Register;Masu inform�cijas l�dzek�u re�istrs;Mass Media Register					
register;POLITICAL_ORGANISATIONS;O;LegalEntityExtenedStructure;Register;Politisko organiz�ciju un to apvien�bu re�istrs;Register of Political Organisations (historical)					
register;POLITICAL_PARTIES;P;LegalEntityExtenedStructure;Register;Politisko partiju re�istrs;Register of Political Parties					
register;PUBLIC_ORGANISATIONS;S;LegalEntityExtenedStructure;Register;Sabiedrisko organiz�ciju re�istrs;Register of Public Organisations (historical)					
register;PUBLIC_PERSONS_INSTITUTIONS;I;LegalEntityExtenedStructure;Register;Publisko personu un iest��u saraksts;List of public persons and authorities					
register;PUBLIC_PRIVATE_PARTNERSHIP_CONTRACTS;PL;LegalEntityExtenedStructure;Register;Publisk�s un priv�t�s partner�bas l�gumu re�istrs;Register of Public and Private Partnership Contracts					
register;RELIGIOUS_ORGANISATIONS_AND_INSTITUTIONS;R;LegalEntityExtenedStructure;Register;Reli�isko organiz�ciju un to iest��u re�istrs;Register of Religious Organisations and Institutions Thereof					
register;REPRESENTATIVE_OFFICES;C;LegalEntityExtenedStructure;Register;P�rst�vniec�bu re�istrs;Register of Representative Offices					
register;SPOUSAL_PROPERTY_RELATIONS;LM;LegalEntityExtenedStructure;Register;Laul�to mantisko attiec�bu re�istrs;Spousal Property Relations Register					
register;TRADE_UNIONS;A;LegalEntityExtenedStructure;Register;Arodbiedr�bu re�istrs;Register of Trade Unions (historical)					
registration_removal_reason;ADDRESS_UPDATE;K;LegalEntityExtenedStructure;Reason;Adreses aktualiz�cija;Address update					
registration_removal_reason;ANNULLED;A;LegalEntityExtenedStructure;Reason;Anul�ts;Annulled					
registration_removal_reason;DATA_CHANGES;L;LegalEntityExtenedStructure;Reason;Datu izmai�as;Data changes					
registration_removal_reason;DECEASED;M;LegalEntityExtenedStructure;Reason;Miris;Deceased					
registration_removal_reason;ERROR_CORRECTION;O;LegalEntityExtenedStructure;Reason;K��das labo�ana;Error correction					
registration_removal_reason;INFORMATION_REMOVED;Z;LegalEntityExtenedStructure;Reason;Zi�as izsl�gtas 10.04.2006;Information removed on 10.04.2006					
registration_removal_reason;REMOVED_BY_CSN_DECISION;V;LegalEntityExtenedStructure;Reason;Izsl�gts	 pamatojoties uz GVN l�mumu;Removed by Chief State Notar (CSN) decision				
registration_removal_reason;RESTORED;J;LegalEntityExtenedStructure;Reason;Darb�ba atjaunota;Restored					
registration_removal_reason;RESTORED_BY_CSN_DECISION;G;LegalEntityExtenedStructure;Reason;Atjaunots	 pamatojoties uz GVN l�mumu;Restored by Chief State Notar (CSN) decision				
registration_removal_reason;SUSPENDED;D;LegalEntityExtenedStructure;Reason;Darb�ba aptur�ta;Suspended					
religious_affiliation;ADVENTIST;43;LegalEntityExtenedStructure;ReligiouseAffilation;Sept�t�s Dienas Adventistu;Seventh-day Adventist Church					
religious_affiliation;ANGLICAN;11;LegalEntityExtenedStructure;ReligiouseAffilation;Anglik��u;Anglican Communion					
religious_affiliation;APOSTOLIC;12;LegalEntityExtenedStructure;ReligiouseAffilation;Apustulisk�;Apostolic Church					
religious_affiliation;ARMENIAN;42;LegalEntityExtenedStructure;ReligiouseAffilation;Senaustrumu Apustulisk�;Armenian Apostolic Church					
religious_affiliation;AUGSBURG;13;LegalEntityExtenedStructure;ReligiouseAffilation;Augsburgas (luter��u);Augsburg Confession					
religious_affiliation;BAHAI;14;LegalEntityExtenedStructure;ReligiouseAffilation;Bahai;Baha'i					
religious_affiliation;BAPTIST;15;LegalEntityExtenedStructure;ReligiouseAffilation;Baptistu;Baptist					
religious_affiliation;BRANHAMISM;2189;LegalEntityExtenedStructure;ReligiouseAffilation;Branhamistu;Branhamism					
religious_affiliation;BUDDHIST;16;LegalEntityExtenedStructure;ReligiouseAffilation;Budistu;Buddhist					
religious_affiliation;CATHOLIC;29;LegalEntityExtenedStructure;ReligiouseAffilation;Kato�u;Roman Catholic					
religious_affiliation;CHRISTIAN_SCIENCE;31;LegalEntityExtenedStructure;ReligiouseAffilation;Krist�g�s Zin�tnes;Christian Science					
religious_affiliation;DE_LUTHERAN;32;LegalEntityExtenedStructure;ReligiouseAffilation;V�cu luter��u;German Lutheran					
religious_affiliation;DENOMINATIONAL_BODY;30;LegalEntityExtenedStructure;ReligiouseAffilation;Konfesiju Iest�de;Denominational body					
religious_affiliation;HINDU;23;LegalEntityExtenedStructure;ReligiouseAffilation;Hinduisti;Hindu					
religious_affiliation;INTERFAITH;45;LegalEntityExtenedStructure;ReligiouseAffilation;Starpkonfesion�la;Inter-faith					
religious_affiliation;ISLAM;36;LegalEntityExtenedStructure;ReligiouseAffilation;Musulma�u;Islam / Muslims					
religious_affiliation;JEHOVAHS_WITNESSES;27;LegalEntityExtenedStructure;ReligiouseAffilation;Jehovas Liecinieku;Jehovah's Witnesses					
religious_affiliation;JEWISH;28;LegalEntityExtenedStructure;ReligiouseAffilation;J�du (Mozus) Tic�go;Jewish					
religious_affiliation;LV_DIEVTURI;18;LegalEntityExtenedStructure;ReligiouseAffilation;Dievturu;Latvian Dievturi					
religious_affiliation;LV_EVANGELICAL;22;LegalEntityExtenedStructure;ReligiouseAffilation;Eva���lisko Kristie�u;Latvian Evangelical Christians					
religious_affiliation;LV_EVANGELICAL_FAITH;20;LegalEntityExtenedStructure;ReligiouseAffilation;Eva���lisk�s Tic�bas Kristie�u;Latvian Christians of Evangelical Faith					
religious_affiliation;LV_EVANGELICAL_GOD;19;LegalEntityExtenedStructure;ReligiouseAffilation;Eva���lisk� Dieva;Latvian Congregation of Evangelical God 					
religious_affiliation;LV_EVANGELICAL_MESSIAH;21;LegalEntityExtenedStructure;ReligiouseAffilation;Eva���lisko Mesijas Sekot�ju;Latvian Evangelical Messiah-Followers					
religious_affiliation;LV_EVANGELICAL_NG;24;LegalEntityExtenedStructure;ReligiouseAffilation;Eva���lisko kristie�u (Jaun� Paaudze);Latvian Evangelical Christions (New Generation)					
religious_affiliation;LV_YOUTH_CHRISTIAN;26;LegalEntityExtenedStructure;ReligiouseAffilation;Jaunatnes Krist�g� Savien�ba;Latvian Youth Christian Association					
religious_affiliation;LV_LUTHERAN;33;LegalEntityExtenedStructure;ReligiouseAffilation;Luter��u;Latvian Lutheran					
religious_affiliation;METHODIST;34;LegalEntityExtenedStructure;ReligiouseAffilation;Metodistu;Methodist					
religious_affiliation;MORMON;35;LegalEntityExtenedStructure;ReligiouseAffilation;P�d�jo dienu sv�to (mormo�u);The Church of Jesus Christ of Latter-day Saints					
religious_affiliation;NEW_APOSTOLIC;25;LegalEntityExtenedStructure;ReligiouseAffilation;Jaunapustulisko kristie�u;New Apostolic Church					
religious_affiliation;OLD_BELIEVER;49;LegalEntityExtenedStructure;ReligiouseAffilation;Vectic�bnieku;Old Believer					
religious_affiliation;ORTHODOX;37;LegalEntityExtenedStructure;ReligiouseAffilation;Pareiztic�go;Easterm Orthodox					
religious_affiliation;PENTACOSTAL;48;LegalEntityExtenedStructure;ReligiouseAffilation;Vasarsv�tku;Pentacostal					
religious_affiliation;PRESBYTERIAN;39;LegalEntityExtenedStructure;ReligiouseAffilation;Presbiter��u;Presbyterian�					
religious_affiliation;PROTESTANT;40;LegalEntityExtenedStructure;ReligiouseAffilation;Protestantu;Protestant					
religious_affiliation;REFORMED;41;LegalEntityExtenedStructure;ReligiouseAffilation;Reform�tu;Reformed Church					
religious_affiliation;SALVATION_ARMY;38;LegalEntityExtenedStructure;ReligiouseAffilation;Pest��anas Armija;The Salvation Army					
religious_affiliation;SHINTO;44;LegalEntityExtenedStructure;ReligiouseAffilation;Sintoisti;Shinto					
religious_affiliation;SUKIYO_MAHIKARI;46;LegalEntityExtenedStructure;ReligiouseAffilation;S�kjo Mahikari;Sukyo Mahikari					
religious_affiliation;UNITARIANISM;52;LegalEntityExtenedStructure;ReligiouseAffilation;Krist�gais unit�risms;Christian Unitarianism					
religious_affiliation;VAISHNAVISM;47;LegalEntityExtenedStructure;ReligiouseAffilation;Vai�navu;Vaishnavism					
religious_affiliation;VISSARION;51;LegalEntityExtenedStructure;ReligiouseAffilation;P�d�j�s der�bas;Church of the Last Testament					
reorganization;ACQUISITION;PIE;LegalEntityExtenedStructure;ReorganizationForm;Pievieno�ana;Acquisition					
reorganization;DIVISION;SAD;LegalEntityExtenedStructure;ReorganizationForm;Sa��el�ana;Division by splitting up					
reorganization;MERGER;APV;LegalEntityExtenedStructure;ReorganizationForm;Sapl��ana;Merger with consolidation					
reorganization;OTHER;CIT;LegalEntityExtenedStructure;ReorganizationForm;Cits;Other					
reorganization;REORGANISATION;REO;LegalEntityExtenedStructure;ReorganizationForm;Reorganiz�cija;Reorganisation					
reorganization;SEPARATION;ATD;LegalEntityExtenedStructure;ReorganizationForm;Nodal��ana;Divestiture separation					
reorganization;TRANSFORMATION;UDF;LegalEntityExtenedStructure;ReorganizationForm;P�rveido�ana;Transformation	 change of �form or restructuring				
rights_of_representation;INDIVIDUALLY;1;LegalEntityExtenedStructure;RepresentationMode;Ties�bas p�rst�v�t atsevi��i;Right to represent individually					
rights_of_representation;NO_RIGHT;0;LegalEntityExtenedStructure;RepresentationMode;Nav ties�bu p�rst�v�t;No right of representation					
rights_of_representation;SIGNATORY_POWER;9;LegalEntityExtenedStructure;RepresentationMode;Paraksta ties�bas;Signatory power					
rights_of_representation;WITH_ALL;3;LegalEntityExtenedStructure;RepresentationMode;Kop� ar visiem;Jointly with all persons entitled to represent					
rights_of_representation;WITH_AT_LEAST;2;LegalEntityExtenedStructure;RepresentationMode;Kop� ar vismaz;Jointly with at least {withAtLeast} persons entitled to represent					
rights_of_representation;WITH_CHAIR;4;LegalEntityExtenedStructure;RepresentationMode;Kop� ar valdes priek�s�d�t�ju;Jointly with  the Chairperson of the Board					
rights_of_representation;WITH_DEPUTY_CHAIR;6;LegalEntityExtenedStructure;RepresentationMode;Kop�gi ar valdes priek�s�d�t�ja vietnieku;Jointly with the Deputy Chairperson of the Board					
"rights_of_representation;WITH_PROKURIST;5;LegalEntityExtenedStructure;RepresentationMode;Kop�gi ar prok�ristu;""Jointly with  the """"prokurist"""""""					
rights_to_land;OWNERSHIP;I;LegalEntityExtenedStructure;ActForm;Akt� noteikt�s ties�bas uz zemi: �pa�uma;Right to the land under the deed: ownership					
rights_to_land;USE;L;LegalEntityExtenedStructure;ActForm;Akt� noteikt�s ties�bas uz zemi: lieto�anas;Right to the land under the deed: use					
securing_measure;ATTACHMENT;A;LegalEntityExtenedStructure;SecurityMeansForm;Arests;Attachment					
securing_measure;LIEN;K;LegalEntityExtenedStructure;SecurityMeansForm;Ap��l�jums;Lien					
securing_measure;PROHIBITION;L;LegalEntityExtenedStructure;SecurityMeansForm;Aizliegums;Prohibition					
status;ANNULLED;A;LegalEntityExtenedStructure;Status;Anul�ts;Annulled					
status;REGISTERED;;;;Re�istr�ts;Registered					
status;REMOVED;L;LegalEntityExtenedStructure;Status;Izsl�gts no re�istra;Removed from the register					
status_details;IN_LIQUIDATION;;;;Akt�vs likvid�cijas process;Pending liquidation proceeding					
status_details;REORGANIZED;R;LegalEntityExtenedStructure;Status;Izsl�gts reorganiz�cijas rezult�t�;Removed from the register as a result of reorganization					
subordination;CONTROL;;;;Pak�aut�b� ;Under control					
subordination;SUPERVISION;;;;P�rraudz�b�;Under supervision					
various_notice;ADDRESS_TRANSFER_PROPOSAL;AMPR;LegalEntityExtenedStructure;EventType;Adreses mai�as priek�likums;The address transfer proposal					
various_notice;AMENDMENTS_TO_DECISION_ON_REORGANISATION;RLGR;LegalEntityExtenedStructure;EventType;Groz�jumi reorganiz�cijas l�muma projekt�;Amendments to the decision on reorganisation					
various_notice;AMENDMENTS_TO_PLAN_FOR_EXTINGUISHING_OBLIGATIONS;SDGR;LegalEntityExtenedStructure;EventType;Saist�bu dz��anas pl�na groz�jumi;Amendments to the plan for extinguishing the obligations					
various_notice;AMENDMENTS_TO_PLAN_FOR_PROPERTY_SALE_AND_SETTLING_OF_CLAIMS;MKGR;LegalEntityExtenedStructure;EventType;Mantas p�rdo�anas un kreditoru pras�jumu apmierin��anas pl�na groz�jumi;Amendments to the plan for property sale and settling of creditors� claims					
various_notice;AMENDMENTS_TO_REORGANISATION_DRAFT_AGREEMENT;RCGR;LegalEntityExtenedStructure;EventType;Groz�jumi reorganiz�cijas l�guma projekt�;Amendments to the Reorganisation draft agreement 					
various_notice;CONFIRMATION_THAT_ARBITRATORS_UPDATED;ASSA;LegalEntityExtenedStructure;EventType;Apliecin�jums par ���r�jtiesne�u saraksta aktualit�ti;Confirmation that the list of arbitrators is updated (historical)					
various_notice;CONFIRMATION_UNDER_ARTICLE_8_5A_OF_ARBITRATION_LAW;ASL5;LegalEntityExtenedStructure;EventType;Apliecin�jums atbilsto�i ���r�jtiesu likuma 8.panta piektajai prim da�ai;Confirmation under Paragraph 5'	 Article 8 of the Arbitration Law				
various_notice;CONFIRMATION_UNDER_ARTICLE_8_6_OF_ARBITRATION_LAW;ASL6;LegalEntityExtenedStructure;EventType;Apliecin�jums atbilsto�i ���r�jtiesu likuma 8.panta sestajai da�ai;Confirmation under Paragraph 6	 Article 8 of the Arbitration Law 				
various_notice;CORRECTED_PLAN_FOR_PROPERTY_SALE;MPGR;LegalEntityExtenedStructure;EventType;Preciz�ts mantas p�rdo�anas pl�ns;Corrected plan for property sale					
various_notice;DECISION_ON_CHANGE_OF_ADDRESS;LADR;LegalEntityExtenedStructure;EventType;L�mums par adreses mai�u;Decision on the change of address					
various_notice;DECISION_ON_CHANGE_OF_CANNONICAL_SUBORDINATION;LKAN;LegalEntityExtenedStructure;EventType;L�mums par kanonisk�s pak�aut�bas mai�u;Decision on the change of canonical subordination					
various_notice;DECISION_ON_CHANGE_OF_THE_NAME;LNOS;LegalEntityExtenedStructure;EventType;L�mums par nosaukuma mai�u;Decision on the change of the name					
various_notice;DECISION_ON_LIQUIDATION;LLIK;LegalEntityExtenedStructure;EventType;L�mums par likvid��anu;Decision on the liquidation					
various_notice;DECISION_ON_RECOGNITION;LATZ;LegalEntityExtenedStructure;EventType;L�mums par atz��anu;Decision on the recognition					
various_notice;DECISION_ON_REORGANISATION;LREO;LegalEntityExtenedStructure;EventType;L�mums par reorganiz�ciju;Decision on the reorganisation					
various_notice;DIVISION_OF_REGISTER_OF_SHAREHOLDERS;DRND;LegalEntityExtenedStructure;EventType;Dal�bnieku re�istra nodal�jums;Division of the Register of Shareholders					
various_notice;DRAFT_DECISION_ON_REORGANISATION;RLPR;LegalEntityExtenedStructure;EventType;Reorganiz�cijas l�muma projekts;Draft decision on reorganisation					
various_notice;LIST_OF_ARBITRATORS;SKTS;LegalEntityExtenedStructure;EventType;���r�jtiesne�u saraksts;List of arbitrators (historical)					
various_notice;NOTIFICATION_ON_COMPLIANCE_WITH_CONDITIONS_ON_SIGNIFICANCE_TO_NATIONAL_SECURITY;PNDS;LegalEntityExtenedStructure;EventType;Pazi�ojums par komercsabiedr�bas atbilst�bu nacion�lajai dro��bai noz�m�gas komercsabiedr�bas nosac�jumiem;Notification on compliance of the commercial company with conditions on commercial companies significant for national security					
various_notice;NOTIFICATION_ON_EXPIRY_OF_COMPLIANCE_WITH_CONDITIONS_ON_SIGNIFICANCE_TO_NATIONAL_SECURITY;PNDB;LegalEntityExtenedStructure;EventType;Pazi�ojums par komercsabiedr�bas atbilst�bas nacion�lajai dro��bai noz�m�gas komercsabiedr�bas nosac�jumiem izbeig�anos;Notification on expiry of compliance of the commercial company with conditions on commercial companies significant for national security					
various_notice;NOTIFICATION_ON_REDUCTION_IN_EQUITY_CAPITAL;PPKS;LegalEntityExtenedStructure;EventType;Pazi�ojums par pamatkapit�la samazin��anu;Notification on reduction in the equity capital					
various_notice;PLAN_FOR_EXTINGUISHING_OBLIGATIONS;SDPL;LegalEntityExtenedStructure;EventType;Saist�bu dz��anas pl�ns;Plan for extinguishing the obligations					
various_notice;PLAN_FOR_PROPERTY_SALE;MPPL;LegalEntityExtenedStructure;EventType;Mantas p�rdo�anas pl�ns;Plan for property sale					
various_notice;PLAN_FOR_PROPERTY_SALE_AND_SETTLING_OF_CLAIMS;MKPL;LegalEntityExtenedStructure;EventType;Mantas p�rdo�anas un kreditoru pras�jumu apmierin��anas pl�ns;Plan for property sale and settling of creditors' claims					
various_notice;PROPOSAL_ON_TRANSFERRING_ADDRESS_OF_EEIG;EGAD;LegalEntityExtenedStructure;EventType;Priek�likums main�t Eiropas ekonomisko intere�u grupas juridisko adresi;Proposal on transferring the legal address of the European Economic Interest Grouping					
various_notice;PROPOSAL_ON_TRANSFERRING_ADDRESS_OF_SCE;ECAD;LegalEntityExtenedStructure;EventType;Priek�likums main�t Eiropas kooperat�v�s sabiedr�bas juridisko adresi;Proposal on transferring the legal address of the European cooperative society					
various_notice;PROPOSAL_ON_TRANSFERRING_ADDRESS_OF_SE;EMAD;LegalEntityExtenedStructure;EventType;Priek�likums main�t Eiropas komercsabiedr�bas juridisko adresi;Proposal on transferring the legal address of the European Sompany					
various_notice;REGISTER_OF_SHAREHOLDERS;DREG;LegalEntityExtenedStructure;EventType;Dal�bnieku re�istrs;Register of Shareholders (historical)					
various_notice;REORGANISATION_DRAFT_AGREEMENT;RCPR;LegalEntityExtenedStructure;EventType;Reorganiz�cijas l�guma projekts;Reorganisation draft agreement 					
various_notice;RULES_OF_PROCEDURE;REGL;LegalEntityExtenedStructure;EventType;Reglaments;Rules of procedure					
various_status;BENEFICIAL_OWNER_CANNOT_BE_IDENTIFIED;P;LegalEntityExtenedStructure;SpecialStatus;Juridisk�s personas patieso labuma guv�ju noskaidrot nav iesp�jams;The beneficial owner of a legal person cannot be identified					
various_status;BENEFICIAL_OWNER_CONTROL_RESULTS_FROM_SHAREHOLDERS_STATUS;B;LegalEntityExtenedStructure;SpecialStatus;Patiesais labuma guv�js ir akcion�rs t�d� akciju sabiedr�b�	 kuras akcijas ir iek�autas regul�taj� tirg�	 un veids	 k�d� tiek �stenota kontrole p�r juridisko personu	 izriet tikai no akcion�ra statusa;The beneficial owner is a shareholder of a public company with shares admitted for trading on a regulated market	 and control over the legal person only results from the shareholder�s status
various_status;SIGNIFICANT_TO_NATIONAL_SECURITY;N;LegalEntityExtenedStructure;SpecialStatus;Nacion�lajai dro��bai noz�m�ga komercsabiedr�ba;A commercial company of significance to national security					
