type	public_code	ur_code_legacy	XML_root_legacy	XML_element_legacy	description_LV	description_EN
area_of_activity	ADVOCACY	IAO	LegalEntityExtenedStructure	BusinessAreaForm	Intereðu aizstâvîbas organizâciju darbîba	Advocacy work
area_of_activity	ARCHITECTURE_RESTORATION	ARH	LegalEntityExtenedStructure	BusinessAreaForm	Arhitektûra un restaurâcija	Architecture and restoration
area_of_activity	ASSOCIATION_OF_EMPLOYERS_ORGANISATIONS	DDA	LegalEntityExtenedStructure	BusinessAreaForm	Darba devçju organizâciju apvienîba	Association of Employers' Organisations
area_of_activity	BOOK_PUBLISHING	GRA	LegalEntityExtenedStructure	BusinessAreaForm	Grâmatu izdoðana	Book publishing
area_of_activity	CONSERVATION_OF_NATURAL_RESOURCES	DRA	LegalEntityExtenedStructure	BusinessAreaForm	Dabas resursu aizsardzîba un ilgtspçjîga izmantoðana	Conservation and sustainable use of natural resources
area_of_activity	CRIME_PREVENTION	NOP	LegalEntityExtenedStructure	BusinessAreaForm	Noziegumu profilakse	Crime prevention
area_of_activity	CULTURE_EXCHANGE	KUA	LegalEntityExtenedStructure	BusinessAreaForm	Kultûras apmaiòa	Culture exchange
area_of_activity	CUSTOMER_RIGHTS_PROTECTION	PAT	LegalEntityExtenedStructure	BusinessAreaForm	Patçrçtâju tiesîbu aizsardzîba	Customer rights protection
area_of_activity	DESIGN	DIZ	LegalEntityExtenedStructure	BusinessAreaForm	Dizains	Design
area_of_activity	DEVELOPMENT_COOPERATION	ATS	LegalEntityExtenedStructure	BusinessAreaForm	Attîstîbas sadarbîba	Development cooperation
area_of_activity	DIRECTORY_PUBLISHING	IKI	LegalEntityExtenedStructure	BusinessAreaForm	Izziòu katalogu izdoðana	Publishing of directories and mailing lists 
area_of_activity	ECONOMIC_DEVELOPMENT	EKA	LegalEntityExtenedStructure	BusinessAreaForm	Ekonomiskâ attîstîba	Economic development
area_of_activity	EDUCATION	IZG	LegalEntityExtenedStructure	BusinessAreaForm	Izglîtîba	Education
area_of_activity	EMPLOYERS_ORGANISATION	DDO	LegalEntityExtenedStructure	BusinessAreaForm	Darba devçju organizâcija	Employers' Organisation
area_of_activity	ENVIRONMENTAL_AWARENESS	VIA	LegalEntityExtenedStructure	BusinessAreaForm	Vides apziòa	Environmental awareness
area_of_activity	ENVIRONMENTAL_CLEANING	VIS	LegalEntityExtenedStructure	BusinessAreaForm	Vides sakopðana	Environmental cleaning
area_of_activity	ENVIRONMENTAL_PROTECTION	VAP	LegalEntityExtenedStructure	BusinessAreaForm	Vides aizsardzîba. Piesâròojuma samazinâðana un kontrole	Environmental protection. Pollution prevention and control
area_of_activity	FILMMAKING	FIP	LegalEntityExtenedStructure	BusinessAreaForm	Filmu producçðana	Motion picture production activities 
area_of_activity	FOLK_ART	TMM	LegalEntityExtenedStructure	BusinessAreaForm	Tautas mâksla un nemateriâlais mantojums	Folk art and intangible heritage
area_of_activity	GENDER_EQUALITY	DZL	LegalEntityExtenedStructure	BusinessAreaForm	Dzimumu lîdztiesîba	Gender equality
area_of_activity	HEALTH_EDUCATION	SVI	LegalEntityExtenedStructure	BusinessAreaForm	Sabiedrîbas veselîba un veselîbas izglîtîba	Public health and health education
area_of_activity	HOUSING_MANAGEMENT	MAP	LegalEntityExtenedStructure	BusinessAreaForm	Mâjokïu apsaimniekoðana	Housing management
area_of_activity	HUMANITIES	VHZ	LegalEntityExtenedStructure	BusinessAreaForm	Vçsture un humanitârâs zinâtnes	Humanities, incl. history
area_of_activity	INTERNATIONAL_AID_TO_COUNTRIES_AFFECTED_BY_DISASTERS	SPL	LegalEntityExtenedStructure	BusinessAreaForm	Starptautiska palîdzîbas lîdzekïu nodroðinâðana katastrofâs cietuðâm valstîm	Providing of international assistance to countries affected by disasters
area_of_activity	INTERNATIONAL_DISASTER_RESPONSE_AND_RELIEF	SKS	LegalEntityExtenedStructure	BusinessAreaForm	Starptautiska katastrofu seku likvidçðana un palîdzîba	International disaster response and relief
area_of_activity	INTERNATIONAL_HUMAN_RIGHTS_AND_PEACEKEEPING	SCM	LegalEntityExtenedStructure	BusinessAreaForm	Starptautiskâs cilvçktiesîbas un miera uzturçðana	International human rights and peacekeeping
area_of_activity	YOUTH_ASSOCIATION_FOUNDATION	JAU	LegalEntityExtenedStructure	BusinessAreaForm	Jaunatnes biedrîba vai nodibinâjums	Youth association or foundation
area_of_activity	LEGAL_ADVISORY	JUP	LegalEntityExtenedStructure	BusinessAreaForm	Juridiskâ palîdzîba	Legal advisory
area_of_activity	LIBRARY_OPERATION	BIB	LegalEntityExtenedStructure	BusinessAreaForm	Bibliotçku darbîba	Library operation
area_of_activity	MAGAZINE_PUBLISHING	ZUR	LegalEntityExtenedStructure	BusinessAreaForm	Þurnâlu izdoðana	Publishing of magazines
area_of_activity	MUSEUMS	MUZ	LegalEntityExtenedStructure	BusinessAreaForm	Muzeji	Museums
area_of_activity	MUSIC_DANCE_THEATRE	MDT	LegalEntityExtenedStructure	BusinessAreaForm	Mûzika, deja, teâtris	Music, dance, theatre
area_of_activity	MUSIC_DANCE_THEATRE_SUPPORT	MDA	LegalEntityExtenedStructure	BusinessAreaForm	Mûzikas, dejas un teâtra atbalsts	Music, dance, theatre support
area_of_activity	NATURE_PROTECTION	DAB	LegalEntityExtenedStructure	BusinessAreaForm	Dabas aizsardzîba	Nature protection
area_of_activity	NEC_ACTIVITY	CNB	LegalEntityExtenedStructure	BusinessAreaForm	Citur neklasificçta biedrîba vai nodibinâjums	Not elsewhere classified activity of society or foundation
area_of_activity	NEIGHBORHOOD_DEVELOPMENT	KAA	LegalEntityExtenedStructure	BusinessAreaForm	Kopienas un apkaimes attîstîba	Community and neighborhood development
area_of_activity	NEWSPAPER_PUBLISHING	LAI	LegalEntityExtenedStructure	BusinessAreaForm	Laikrakstu izdoðana	Publishing of newspapers
area_of_activity	ORGANIZATION_OF_SPORTS_EVENTS	SPO	LegalEntityExtenedStructure	BusinessAreaForm	Sporta pasâkumu organizçðana	Organization of sports events
area_of_activity	OTHER_CULTURAL_ACTIVITIES	CKD	LegalEntityExtenedStructure	BusinessAreaForm	Cita kultûras darbîba	Other activities in culture field 
area_of_activity	OTHER_HEALTH_ACTIVITIES	CVD	LegalEntityExtenedStructure	BusinessAreaForm	Cita ar veselîbu saistîta darbîba	Other rehabilitation-related activities
area_of_activity	OTHER_RECREATION_ACTIVITIES	CIA	LegalEntityExtenedStructure	BusinessAreaForm	Cita izklaides un atpûtas darbîba	Other amusement and recreation activities
area_of_activity	PHILANTHROPIC_INTERMEDIATION	FIL	LegalEntityExtenedStructure	BusinessAreaForm	Filantropijas starpniecîba	Philanthropic intermediation
area_of_activity	PROFESSIONAL_ASSOCIATION_FOUNDATION	PRO	LegalEntityExtenedStructure	BusinessAreaForm	Profesionâlâ biedrîba vai nodibinâjums	Professional association or foundation
area_of_activity	PROMOTION_OF_EMPLOYMENT	NOV	LegalEntityExtenedStructure	BusinessAreaForm	Nodarbinâtîbas veicinâðana	Promotion of employment
area_of_activity	PROMOTION_OF_VOLUNTARY_WORK	BDV	LegalEntityExtenedStructure	BusinessAreaForm	Brîvprâtîgâ darba veicinâðana	Promotion of voluntary work
area_of_activity	PROTECTION_OF_ANIMALS	DAL	LegalEntityExtenedStructure	BusinessAreaForm	Dzîvnieku aizsardzîba un labklâjîba	Protection and welfare of animals
area_of_activity	PROTECTION_OF_HUMAN_RIGHTS	PTC	LegalEntityExtenedStructure	BusinessAreaForm	Pilsonisko tiesîbu un cilvçktiesîbu aizsardzîba	Protection of citizen and human rights
area_of_activity	RADIO_STATION	RAD	LegalEntityExtenedStructure	BusinessAreaForm	Radiostacija	Radio station
area_of_activity	REHABILITATION	REH	LegalEntityExtenedStructure	BusinessAreaForm	Rehabilitâcija	Rehabilitation
area_of_activity	REHABILITATION_OF_OFFENDERS	LRE	LegalEntityExtenedStructure	BusinessAreaForm	Likumpârkâpçju rehabilitâcija	Rehabilitation of offenders
area_of_activity	RESEARCH_MEDICINE	MED	LegalEntityExtenedStructure	BusinessAreaForm	Medicîniskâ pçtniecîba	Research on medicine
area_of_activity	RESEARCH_SOCIAL_SCIENCES	SZP	LegalEntityExtenedStructure	BusinessAreaForm	Sociâlâs zinâtnes, socioloìiskâ un politikas pçtniecîba	Research on social sciences and humanities, sociology, and politics
area_of_activity	SCIENCE_TECHNOLOGY	ZUT	LegalEntityExtenedStructure	BusinessAreaForm	Zinâtne un tehnoloìijas	Science and technology
area_of_activity	SOCIAL_PROTECTION	SOC	LegalEntityExtenedStructure	BusinessAreaForm	Sociâlâ aizsardzîba	Social protection
area_of_activity	SPORTS_CENTER	SPC	LegalEntityExtenedStructure	BusinessAreaForm	Sporta centrs	Sports center
area_of_activity	SPORTS_CLUB	SPK	LegalEntityExtenedStructure	BusinessAreaForm	Sporta klubs	Sports club
area_of_activity	SPORTS_EDUCATION	SPI	LegalEntityExtenedStructure	BusinessAreaForm	Sporta izglîtîba	Sports education
area_of_activity	SPORTS_SUPPORT	SAT	LegalEntityExtenedStructure	BusinessAreaForm	Sporta atbalsts	Support to sports
area_of_activity	SPORTS_UNION	SPA	LegalEntityExtenedStructure	BusinessAreaForm	Sporta apvienîba un sporta federâcija	Sports union and sports federation
area_of_activity	SUPPORT_FAMILIES_CHILDREN	AGB	LegalEntityExtenedStructure	BusinessAreaForm	Atbalsts ìimençm un bçrniem	Support to families and children
area_of_activity	SUPPORT_TO_VICTIMS_OF_CRIME	ANU	LegalEntityExtenedStructure	BusinessAreaForm	Atbalsts noziegumu upuriem	Support to victims of crime
area_of_activity	TRADE_UNION	ARB	LegalEntityExtenedStructure	BusinessAreaForm	Arodbiedrîba	Trade Union
area_of_activity	TV_CHANNEL	TVK	LegalEntityExtenedStructure	BusinessAreaForm	TV kanâls	TV channel
area_of_activity	VETERINARY_SERVICES	VET	LegalEntityExtenedStructure	BusinessAreaForm	Veterinârie pakalpojumi	Veterinary services
area_of_activity	VISUAL_ARTS	VIZ	LegalEntityExtenedStructure	BusinessAreaForm	Vizuâlâ mâksla	Visual arts
area_of_activity	VOLUNTEER_FIRE_ORGANIZATION	BUO	LegalEntityExtenedStructure	BusinessAreaForm	Brîvprâtîgo ugunsdzçsçju organizâcija	Volunteer fire organization
authority	CHANCERY_OF_PRESIDENT				Valsts prezidenta kanceleja	Chancery of the President of Latvia
authority	COURT				Tiesa 	Court
authority	DERIVED_PUBLIC_PERSON				Atvasinâta publiska persona	Derived public person
authority	INSTITUTION_OF_DIRECT_ADMINISTRATION				Tieðâs pârvaldes iestâde	Institution of direct administration
authority	INSTITUTION_OF_INDIRECT_ADMINISTRATION				Pastarpinâtâs pârvaldes iestâde	Institution of indirect administration
authority	OTHER_AUTHORITY				Cita valsts iestâde	Other public authority
authority	PARLIAMENT				Latvijas Republikas Saeima	Latvian Parliament
authority	PROSECUTION_OFFICE				Prokuratûra	Prosecution Office
capital	CONDITIONAL_EQUITY	NOS	LegalEntityExtenedStructure	CapitalForm	Nosacîtais pamatkapitâls	Conditional equity
capital	EQUITY_KB	PKB	LegalEntityExtenedStructure	CapitalForm	Pamatkapitâls (KB)	Equity of KB (Co-operative Society)
capital	FOUNDING_AS	DIB	LegalEntityExtenedStructure	CapitalForm	Dibinâðanas kapitâls (AS)	Founding capital of AS (PLC)
capital	HISTORICAL_EQUITY	OBC	LegalEntityExtenedStructure	CapitalForm	Pamatkapitâls (vçsture)	Equity (history)
capital	INVESTMENT	KOM	LegalEntityExtenedStructure	CapitalForm	Ieguldîjums	Investment
capital	MINIMUM_RESERVES	OBL	LegalEntityExtenedStructure	CapitalForm	Obligâtâ rezerve	Minimum reserves
capital	PAID_UP_EQUITY	APM	LegalEntityExtenedStructure	CapitalForm	Apmaksâtais pamatkapitâls	Paid-up equity
capital	REGISTERED_AS	RGP	LegalEntityExtenedStructure	CapitalForm	Reìistrçtais kapitâls (AS)	Registered capital of AS (PLC)
capital	REGISTERED_EQUITY	REG	LegalEntityExtenedStructure	CapitalForm	Reìistrçtais pamatkapitâls	Registered equity
change	ACTIVITY	dv	LegalEntityExtenedStructure	ChangesRecord	Darbîbas veidu maiòa	Change of activity
change	ADDRESS	adrese	LegalEntityExtenedStructure	ChangesRecord	Adreses maiòa	Change of legal address
change	BENEFICIAL_OWNER	plg	LegalEntityExtenedStructure	ChangesRecord	Izmaiòas patiesajos labuma guvçjos	Change in beneficial owners
change	BRANCH	fil	LegalEntityExtenedStructure	ChangesRecord	Izmaiòas filiâlçs	Change in branches
change	EQUITY_CAPITAL	pk	LegalEntityExtenedStructure	ChangesRecord	Pamatkapitâla maiòa	Change of equity capital
change	LIQUIDATION				Izmaiòas saistîbâ ar likvidâcijas procesu	Change concerning liquidation proceedings
change	MEMBER	dibin	LegalEntityExtenedStructure	ChangesRecord	Izamiòas dalîbniekos	Change in members
change	NAME	nosaukumi	LegalEntityExtenedStructure	ChangesRecord	Nosaukuma maiòa	Change of legal name
change	NEW				Reìistrçts jauns subjekts	New entity was registered
change	OFFICER	pers	LegalEntityExtenedStructure	ChangesRecord	Izmaiòas amatpersonâs	Change in officers
change	OTHER_CHANGE	others	LegalEntityExtenedStructure	ChangesRecord	Citas izmaiòas	Unidentified type of change
change	PROCURATION	prok	LegalEntityExtenedStructure	ChangesRecord	Izmaiòas prokuristos	Change in procurations
change	REMOVAL				Subjekts no reìistra izslçgts	Entity was removed
change	REORGANIZATION				Izmaiòas saistîbâ ar reorganizâcijas procesu	Change concerning reorganisation proceedings
change	REREGISTRATION	reg	LegalEntityExtenedStructure	ChangesRecord	Reìistra maiòa	Change of register
change	SECURING_MEASURE	arests	LegalEntityExtenedStructure	ChangesRecord	Nodroðinâjuma lîdzekïu maiòa	Change in securing measures
change_reason	ADDRESS_UPDATED	K	LegalEntityExtenedStructure	ChangeReason	"Aktualizçts, pamatojoties uz likuma ""Par Latvijas Republikas Uzòçmumu reìistru"" 4.4panta treðo daïu"	Updated on the basis of Paragraph three, Article 4.4 of the Law on the Enterprise Register of the Republic of Latvia
change_reason	ANNULLED	A	LegalEntityExtenedStructure	ChangeReason	Anulçts	Entry annulled
change_reason	EQUITY_RECALCULATED	C	LegalEntityExtenedStructure	ChangeReason	Pamatkapitâls pârrçíinâts, pamatojoties uz Komerclikuma pârejas noteikumu 52.p	The equity capital recalculated in conformity with Paragraph 52 of the transitional provisions of the Commercial Law
change_reason	LATVIAN_IN_UPDATED	P	LegalEntityExtenedStructure	ChangeReason	Aktualizçts personas kods, pamatojoties uz Iedzîvotâju reìistra datiem	Latvian identity number updated according to data from the Latvian Population Register
decisive_influence	GROUP_OF_COMPANIES_CONTRACT	K	LegalEntityExtenedStructure	InfluenceForm	Koncernu lîgums	Group of Companies Contract
decisive_influence	PARTICIPATION	L	LegalEntityExtenedStructure	InfluenceForm	Lîdzdalîba	Participation
decisive_influence_details	CONTROL	V	LegalEntityExtenedStructure	BaseGroupForm	Pârvaldes lîgums	Control Agreement
decisive_influence_details	CONTROL_AND_PROFIT_TRANSFER	A	LegalEntityExtenedStructure	BaseGroupForm	Pârvaldes un peïòas nodoðanas lîgums	Control and Profit Transfer Agreement 
decisive_influence_details	HAS_EXERCISED_RIGHTS	G	LegalEntityExtenedStructure	BaseGroupForm	uzòçmums ir sabiedrîbas dalîbnieks un, izmantojot vienîgi savas dalîbnieka tiesîbas, pârskata gada laikâ ir iecçlis sabiedrîbas izpildinstitûcijas vai pârraudzîbas institûcijas locekïu vairâkumu	Undertaking is a shareholder of the company and has only exercised its shareholder’s rights to elect the majority of members of the company’s executive body or supervisory body during the accounting year
decisive_influence_details	HAS_MAJORITY	B	LegalEntityExtenedStructure	BaseGroupForm	uzòçmumam sabiedrîbâ ir balsstiesîbu vairâkums	Undertaking has the majority of votes in the company
decisive_influence_details	HAS_RIGHTS	P	LegalEntityExtenedStructure	BaseGroupForm	uzòçmumam kâ sabiedrîbas dalîbniekam ir tiesîbas iecelt vai atcelt sabiedrîbas izpildinstitûcijas vai pârraudzîbas institûcijas locekïu vairâkumu	Undertaking as a shareholder of the company has the right to elect or dismiss the majority of members of the company’s executive body or supervisory body
decisive_influence_details	HAS_SOLE_CONTROL	K	LegalEntityExtenedStructure	BaseGroupForm	uzòçmums ir sabiedrîbas dalîbnieks un, pamatojoties uz vienoðanos ar citiem dalîbniekiem, viens pats kontrolç balsstiesîbu vairâkumu sabiedrîbâ	Undertaking is a shareholder of the company and has sole control over the majority of voting rights in the company based on the agreement with other shareholders
decisive_influence_details	PROFIT_TRANSFER	P	LegalEntityExtenedStructure	BaseGroupForm	Peïòas nodoðanas lîgums	Profit Transfer Agreement
governing_body	ADMINISTRATION	ADM	LegalEntityExtenedStructure	Institution	Administrâcija	Administration
governing_body	AUDIT_COMMITTEE	RVZ	LegalEntityExtenedStructure	Institution	Revîzijas komisija	Audit Committee
governing_body	AUDITOR	REV	LegalEntityExtenedStructure	Institution	Revidents	Auditor
governing_body	BOARD_DIRECTORS	DVL	LegalEntityExtenedStructure	Institution	Direktoru valde	Board of Directors
governing_body	CENTRAL_COMMITTEE	CKM	LegalEntityExtenedStructure	Institution	Centrâlkomiteja	Central Committee
governing_body	CITY_COUNCIL	DOM	LegalEntityExtenedStructure	Institution	Dome	City Council
governing_body	COLLEGIUM	KOL	LegalEntityExtenedStructure	Institution	Kolçìija	Collegium
governing_body	COMMITTEE	KOM	LegalEntityExtenedStructure	Institution	Komiteja	Committee
governing_body	CONFERENCE	KNF	LegalEntityExtenedStructure	Institution	Konference	Conference
governing_body	CONGRESS	KNG	LegalEntityExtenedStructure	Institution	Kongress	Congress
governing_body	CONVENTION	KNV	LegalEntityExtenedStructure	Institution	Konvents	Convention
governing_body	COORDINATION_COUNCIL	KPD	LegalEntityExtenedStructure	Institution	Koordinâcijas padome	Coordination Council
governing_body	COUNCIL_DIRECTORS	DPD	LegalEntityExtenedStructure	Institution	Direktoru padome	Council of Directors
governing_body	DIRECTORATE	DIR	LegalEntityExtenedStructure	Institution	Direkcija	Directorate
governing_body	EXECUTIVE_BOARD	VAL	LegalEntityExtenedStructure	Institution	Valde	Executive Board
governing_body	EXECUTIVE_BODY	IZN	LegalEntityExtenedStructure	Institution	Izpildinstitûcija	Executive Body
governing_body	EXECUTIVE_COMMITTEE	IKM	LegalEntityExtenedStructure	Institution	Izpildkomiteja	Executive Committee
governing_body	GENERAL_MEETING	KOP	LegalEntityExtenedStructure	Institution	Kopsapulce	General Meeting
governing_body	LIQUIDATION_COMMITTEE	LKK	LegalEntityExtenedStructure	Institution	Likvidâcijas komisija	Liquidation Committee
governing_body	MANAGEMENT_BODY	VIN	LegalEntityExtenedStructure	Institution	Vadîbas institûcija	Management Body
governing_body	PRESIDIUM	PRZ	LegalEntityExtenedStructure	Institution	Prezidijs	Presidium
governing_body	SECRETARIAT	SKR	LegalEntityExtenedStructure	Institution	Sekretariâts	Secretariat
governing_body	SENATE	SNT	LegalEntityExtenedStructure	Institution	Senâts	Senate
governing_body	STAFF_COMMITTEE	ARK	LegalEntityExtenedStructure	Institution	Arodkomiteja	Staff Committee
governing_body	SUPERVISORY_BOARD	PAD	LegalEntityExtenedStructure	Institution	Padome	Supervisory Board
identity_document	DRIVING_LICENCE	VA	LegalEntityExtenedStructure	DocumentType	Vadîtâja apliecîba	Driving Licence
identity_document	FOREIGN_PASSPORT	AP	LegalEntityExtenedStructure	DocumentType	Ârzemju pase	Foreign Passport
identity_document	IDENTITY_CARD	IK	LegalEntityExtenedStructure	DocumentType	Identifikâcijas karte	Identification Card
identity_document	OTHER_DOCUMENT	CT	LegalEntityExtenedStructure	DocumentType	Cits dokuments	Other document
identity_document	PASSPORT	PS	LegalEntityExtenedStructure	DocumentType	Pase	Passport
legal_act	DECISION				Lçmums	Decision
legal_act	LAW				Likums	Law
legal_act	ORDER				Rîkojums	Order
legal_act	OTHER_LEGAL_ACT				Cits	Other
legal_act	PROTOCOL				Protokols	Protocol
legal_act	RULES				Noteikumi	Rules
legal_form	ADDITIONAL_LIABILITY_COMPANY_PAP	PAP	LegalEntityExtenedStructure	LegalForm	Sabiedrîba ar papildu atbildîbu  (vçsturiska forma)	Additional Liability Company (historical form)
legal_form	ALLIANCE_OF_POLITICAL_PARTIES_PPA	PPA	LegalEntityExtenedStructure	LegalForm	Politisko partiju apvienîba	Alliance of Political Parties
legal_form	ARBITRATION_COURT_SKT	SKT	LegalEntityExtenedStructure	LegalForm	Ðíîrçjtiesa	Arbitration Court
legal_form	ASSOCIATION_BDR	BDR	LegalEntityExtenedStructure	LegalForm	Biedrîba	Association
legal_form	ASSOCIATION_OF_PUBLIC_ORGANISATIONS_SAA	SAA	LegalEntityExtenedStructure	LegalForm	Sabiedrisko organizâciju apvienîba (vçsturiska forma)	Association of Public Organisations (historical form)
legal_form	ASSOCIATION_OF_PUBLIC_SPORTS_ORGANISATIONS_SPA	SPA	LegalEntityExtenedStructure	LegalForm	Sporta sabiedrisko organizâciju apvienîba (vçsturiska forma)	Association of Public Sports Organisations (historical form)
legal_form	ASSOCIATION_OF_TRADE_UNIONS_ARA	ARA	LegalEntityExtenedStructure	LegalForm	Arodbiedrîbu apvienîba	Association of Trade Unions
legal_form	BRANCH_FIL	FIL	LegalEntityExtenedStructure	LegalForm	Filiâle	Branch
legal_form	BRANCH_OF_EUROPEAN_ECONOMIC_INTEREST_GROUPING_EGF	EGF	LegalEntityExtenedStructure	LegalForm	Eiropas ekonomisko intereðu grupas filiâle	Branch of European Economic Interest Grouping
legal_form	BRANCH_OF_FOREIGN_COMPANY_AKF	AKF	LegalEntityExtenedStructure	LegalForm	Ârvalsts komersanta filiâle	Branch of Foreign Company
legal_form	CHURCH_BAZ	BAZ	LegalEntityExtenedStructure	LegalForm	Baznîca	Church
legal_form	CONGREGATION_DRZ	DRZ	LegalEntityExtenedStructure	LegalForm	Draudze	Congregation
legal_form	COOPERATIVE_SHARE_COMPANY_PAJ	PAJ	LegalEntityExtenedStructure	LegalForm	Paju sabiedrîba  (vçsturiska forma)	Co-operative Share Company (historical form)
legal_form	COOPERATIVE_SOCIETIES_COMPANY_KBU	KBU	LegalEntityExtenedStructure	LegalForm	Kooperatîvo biedrîbu uzòçmums (vçsturiska forma)	Undertaking of Co-operative Societies  (historical form)
legal_form	COOPERATIVE_SOCIETY_KB	KB	LegalEntityExtenedStructure	LegalForm	Kooperatîvâ sabiedrîba	Co-operative Society
legal_form	DEACONATE_INSTITUTION_DIS	DIS	LegalEntityExtenedStructure	LegalForm	Diakonijas iestâde (vçsturiska forma)	Deaconate Institution (historical form)
legal_form	DIOCESE_DIE	DIE	LegalEntityExtenedStructure	LegalForm	Diecçze	Diocese
legal_form	EDUCATION_INSTITUTION_FOR_ECCLESIASTICS_GPM	GPM	LegalEntityExtenedStructure	LegalForm	Garîgâ personâla mâcîbu iestâde (vçsturiska forma)	Education Institution for Ecclesiastics (historical form)
legal_form	EUROPEAN_COMPANY_SE	SE	LegalEntityExtenedStructure	LegalForm	Eiropas komercsabiedrîba	European Company 
legal_form	EUROPEAN_COOPERATIVE_SOCIETY_SCE	SCE	LegalEntityExtenedStructure	LegalForm	Eiropas kooperatîvâ sabiedrîba	European Cooperative Society
legal_form	EUROPEAN_ECONOMIC_INTEREST_GROUPING_EIG	EIG	LegalEntityExtenedStructure	LegalForm	Eiropas ekonomisko intereðu grupa	European Economic Interest Grouping
legal_form	FAMILY_UNDERTAKING_GIM	GIM	LegalEntityExtenedStructure	LegalForm	Ìimenes uzòçmums  (vçsturiska forma)	Family Undertaking (historical form)
legal_form	FARM_ZEM	ZEM	LegalEntityExtenedStructure	LegalForm	Zemnieku saimniecîba	Farm
legal_form	FISHING_UNDERTAKING_ZVJ	ZVJ	LegalEntityExtenedStructure	LegalForm	Zvejnieku saimniecîba	Fishing Undertaking
legal_form	FOREIGN_REPRESENTATIVE_OFFICE_AKP	AKP	LegalEntityExtenedStructure	LegalForm	Ârvalsts komersanta pârstâvniecîba (vçsturiska forma)	Foreign Representative Office (historical form)
legal_form	FOREIGN_REPRESENTATIVE_OFFICE_PAR	PAR	LegalEntityExtenedStructure	LegalForm	Ârvalsts komersanta pârstâvniecîba	Foreign Representative Office 
legal_form	FOUNDATION_NOD	NOD	LegalEntityExtenedStructure	LegalForm	Nodibinâjums	Foundation
legal_form	FULL_LIABILITY_PARTNERSHIP_LIG	LIG	LegalEntityExtenedStructure	LegalForm	Lîgumsabiedrîba ar pilnu atbildîbu (vçsturiska forma)	Full Liability Partnership (historical form)
legal_form	GENERAL_PARTNERSHIP_PS	PS	LegalEntityExtenedStructure	LegalForm	Pilnsabiedrîba	General Partnership
legal_form	INDIVIDUAL_UNDERTAKING_IND	IND	LegalEntityExtenedStructure	LegalForm	Individuâlais uzòçmums	Individual Undertaking
legal_form	INSTITUTION_OF_RELIGIOUS_ORGANISATION_ROI	ROI	LegalEntityExtenedStructure	LegalForm	Iestâde	Institution of Religious Organisation
legal_form	JURIDIC_PERSON_UNDER_CANON_LAW_KAT	KAT	LegalEntityExtenedStructure	LegalForm	Katoïu baznîcas publisko tiesîbu juridiskâ persona	Juridic person governed by the Canon law of the Catholic Church
legal_form	LIMITED_LIABILITY_COMPANY_SIA	SIA	LegalEntityExtenedStructure	LegalForm	Sabiedrîba ar ierobeþotu atbildîbu	Limited Liability Company
legal_form	LIMITED_PARTNERSHIP_KS	KS	LegalEntityExtenedStructure	LegalForm	Komandîtsabiedrîba	Limited Partnership
legal_form	MISSION_MIS	MIS	LegalEntityExtenedStructure	LegalForm	Misija (vçsturiska forma)	Mission  (historical form)
legal_form	MONASTERY_KLO	KLO	LegalEntityExtenedStructure	LegalForm	Klosteris (vçsturiska forma)	Monastery (historical form)
legal_form	MUNICIPAL_COMPANY_PSV	PSV	LegalEntityExtenedStructure	LegalForm	Paðvaldîbas uzòçmums (vçsturiska forma)	Municipal Company (historical form)
legal_form	NEW_CONGREGATION_DRJ	DRJ	LegalEntityExtenedStructure	LegalForm	Draudze (jaunâ)	Congregation (new)
legal_form	OPEN_PUBLIC_FUND_ASF	ASF	LegalEntityExtenedStructure	LegalForm	Atklâtais sabiedriskais fonds (vçsturiska forma)	Open Public Fund  (historical form)
legal_form	PERMANENT_UNIT_OF_TRADE_UNION_ARV	ARV	LegalEntityExtenedStructure	LegalForm	Arodbiedrîbas patstâvîgâ vienîba	Permanent Unit of Trade Union
legal_form	POLITICAL_ORGANISATION_PARTY_POL	POL	LegalEntityExtenedStructure	LegalForm	Politiska organizâcija, partija (vçsturiska forma)	Political Organisation, Party (historical form)
legal_form	POLITICAL_PARTY_PP	PP	LegalEntityExtenedStructure	LegalForm	Politiskâ partija	Political Party
legal_form	PROFESSIONAL_CORPORATION_KOR	KOR	LegalEntityExtenedStructure	LegalForm	Korporâcija, profesionâlâ biedrîba (vçsturiska forma)	Corporation, Professional Association (historical form)
legal_form	PROFESSIONAL_CREATIVE_ORGANISATION_PRO	PRO	LegalEntityExtenedStructure	LegalForm	Profesionâlâ radoðâ organizâcija (vçsturiska forma)	Trade Union (historical form)
legal_form	PUBLIC_BODY	PPI	LegalEntityExtenedStructure	LegalForm	Publiskâ persona vai iestâde	Public person or authority
legal_form	PUBLIC_LIMITED_COMPANY_AS	AS	LegalEntityExtenedStructure	LegalForm	Akciju sabiedrîba	Public Limited Company
legal_form	PUBLIC_ORGANISATION_ENTERPRISE_SOU	SOU	LegalEntityExtenedStructure	LegalForm	Sabiedriskâs organizâcijas uzòçmums (vçsturiska forma)	Undertaking of Public Organisation (historical form)
legal_form	PUBLIC_ORGANISATION_SAB	SAB	LegalEntityExtenedStructure	LegalForm	Sabiedriskâ organizâcija (vçsturiska forma)	Public Organisation  (historical form)
legal_form	PUBLIC_SPORTS_ORGANISATION_SPO	SPO	LegalEntityExtenedStructure	LegalForm	Sporta sabiedriskâ organizâcija  (vçsturiska forma)	Public Sports Organisation (historical form)
legal_form	RELIGIOUS_ASSOCIATION_BIE	BIE	LegalEntityExtenedStructure	LegalForm	Biedrîba rel.  (vçsturiska forma)	Religious Association (historical form)
legal_form	RELIGIOUS_ORGANISATION_ENTERPRISE_REL	REL	LegalEntityExtenedStructure	LegalForm	Reliìiskas organizâcijas uzòçmums (vçsturiska forma)	Undertaking of Religious Organisation  (historical form)
legal_form	RELIGIOUS_UNION_SAV	SAV	LegalEntityExtenedStructure	LegalForm	Savienîba	Religious Union
legal_form	REPRESENTATIVE_OFFICE_OF_FOREIGN_ORGANISATION_POR	POR	LegalEntityExtenedStructure	LegalForm	Ârvalsts organizâcijas pârstâvniecîba	Representative Office of Foreign Organisation
legal_form	REPRESENTATIVE_OFFICE_PAR	PAR	LegalEntityExtenedStructure	LegalForm	Pârstâvniecîba (vçsturiska forma)	Representative Office (historical form)
legal_form	REPRESENTATIVE_PRV	PRV	LegalEntityExtenedStructure	LegalForm	Pârstâvis (vçsturiska forma)	Representative (historical form)
legal_form	SOLE_TRADER_IK	IK	LegalEntityExtenedStructure	LegalForm	Individuâlais komersants	Sole trader
legal_form	SPIRITUAL_CENTRE_CEN	CEN	LegalEntityExtenedStructure	LegalForm	Centrs  (vçsturiska forma)	Spiritual Centre (historical form)
legal_form	STATE_OWNED_ENTERPRISE_VU	VU	LegalEntityExtenedStructure	LegalForm	Valsts uzòçmums  (vçsturiska forma)	State-owned Enterprise (historical form)
legal_form	TRADE_UNION_ARB	ARB	LegalEntityExtenedStructure	LegalForm	Arodbiedrîba	Trade Union
legal_form	TRADE_UNION_HISTORICAL_ARB	ARB	LegalEntityExtenedStructure	LegalForm	Arodbiedrîba (vçsturiska forma)	Trade Union (historical form)
legal_form	UNDERTAKING_OF_COMPANY_UZN	UZN	LegalEntityExtenedStructure	LegalForm	Uzòçmçjsabiedrîbas uzòçmums (vçsturiska forma)	Undertaking of Company (historical form)
legal_form	UNION_OF_COOPERATIVE_SOCIETIES_COMPANY_KSS	KSS	LegalEntityExtenedStructure	LegalForm	Kooperatîvo biedrîbu savienîbas uzòçmums  (vçsturiska forma)	Undertaking of Union of Co-operative Societies (historical form)
legal_form	UNION_OF_COOPRATIVE_SOCIETIES_KBS	KBS	LegalEntityExtenedStructure	LegalForm	Kooperatîvo biedrîbu savienîba  (vçsturiska forma)	Union of Co-oprative Societies  (historical form)
liquidation_suspension_prohibition	ACTIVITY_CONTINUED	L2	LegalEntityExtenedStructure	LiquidationForm	Darbîbas turpinâðana	Activity continued
liquidation_suspension_prohibition	ACTIVITY_OF_RELIGIOUS_ORGANISATION_TERMINATED	RR	LegalEntityExtenedStructure	LiquidationForm	Reliìiskas organizâcijas darbîbas izbeigðana	Activity of a Religious Organisation terminated
liquidation_suspension_prohibition	ACTIVITY_RESTORED	L9	LegalEntityExtenedStructure	LiquidationForm	Darbîbas atjaunoðana	Activity restored
liquidation_suspension_prohibition	ACTIVITY_SUSPENDED	L1	LegalEntityExtenedStructure	LiquidationForm	Darbîbas apturçðana	Activity suspended 
liquidation_suspension_prohibition	ACTIVITY_SUSPENDED_BY_COURT	LB	LegalEntityExtenedStructure	LiquidationForm	Darbîbas apturçðana uz tiesas lçmuma pamata	Activity suspended by a court decision
liquidation_suspension_prohibition	ACTIVITY_TERMINATED	LD	LegalEntityExtenedStructure	LiquidationForm	Darbîbas izbeigðana	Activity terminated 
liquidation_suspension_prohibition	ACTIVITY_TERMINATED_BY_COURT	LC	LegalEntityExtenedStructure	LiquidationForm	Darbîbas izbeigðana uz tiesas lçmuma pamata	Activity terminated by a court decision
liquidation_suspension_prohibition	ECONOMIC_ACTIVITY_RESTORED	L8	LegalEntityExtenedStructure	LiquidationForm	Saimnieciskâs darbîbas atjaunoðana	Economic activity restored
liquidation_suspension_prohibition	ECONOMIC_ACTIVITY_SUSPENDED	L7	LegalEntityExtenedStructure	LiquidationForm	Saimnieciskâs darbîbas apturçðana	Economic activity suspended
liquidation_suspension_prohibition	EEIG_DECLARED_TO_BE_NONEXISTENT	LA	LegalEntityExtenedStructure	LiquidationForm	EEIG atzîta par neesoðu	EEIG declared to be non-existent
liquidation_suspension_prohibition	LIQUIDATION	LI	LegalEntityExtenedStructure	LiquidationForm	Likvidâcijas process	Liquidation proceeding
liquidation_suspension_prohibition	NON_REREGISTRATION	RK	LegalEntityExtenedStructure	LiquidationForm	Nepârreìistrâcija	Non Re-registration
liquidation_suspension_prohibition	PROHIBITION_ON_BUSINESS_ACTIVITY	L5	LegalEntityExtenedStructure	LiquidationForm	Aizliegums veikt uzòçmçjdarbîbu	Prohibition on business activity
liquidation_suspension_prohibition	PROHIBITION_ON_BUSINESS_ACTIVITY_REMOVED	L6	LegalEntityExtenedStructure	LiquidationForm	Aizlieguma veikt uzòçmçjdarbîbu atcelðana	Prohibition on business activity removed
liquidation_suspension_prohibition	PROHIBITION_ON_PUBLIC_ACTIVITY	L3	LegalEntityExtenedStructure	LiquidationForm	Publiskâs darbîbas vai citas darbîbas aizliegums	Prohibition on public activity or other activity
liquidation_suspension_prohibition	PROHIBITION_ON_PUBLIC_ACTIVITY_REMOVED	L4	LegalEntityExtenedStructure	LiquidationForm	Publiskâs darbîbas vai citas darb. aizlieg. atc.	Prohibition on public activity or other activity removed
liquidation_suspension_prohibition	REFORM_OF_ASSOCIATIONS	RB	LegalEntityExtenedStructure	LiquidationForm	Biedrîbu reforma	Reform of Associations
liquidation_suspension_prohibition	REFORM_OF_POLITICAL_PARTIES	RP	LegalEntityExtenedStructure	LiquidationForm	Polistiko partiju reforma	Reform of Political Parties
liquidation_suspension_prohibition_result	ACTIVITY_CONTINUED	U	LegalEntityExtenedStructure	Result	Darbîbas turpinâðana	Activity continued
liquidation_suspension_prohibition_result	ACTIVITY_RESTORED	E	LegalEntityExtenedStructure	Result	Darbîbas atjaunoðana	Activity restored
liquidation_suspension_prohibition_result	ACTIVITY_TERMINATED	D	LegalEntityExtenedStructure	Result	Darbîba izbeigta	Activity terminated
liquidation_suspension_prohibition_result	ANNULLED_PROCEEDING	A	LegalEntityExtenedStructure	Result	Anulçts	Annulled
liquidation_suspension_prohibition_result	CANCELLED	P	LegalEntityExtenedStructure	Result	Pârtraukts	Cancelled
liquidation_suspension_prohibition_result	ECONOMIC_ACTIVITY_RESTORED	J	LegalEntityExtenedStructure	Result	Saimnieciskâs darbîbas atjaunoðana	Economic activity restored
liquidation_suspension_prohibition_result	IN_PROGRESS	R	LegalEntityExtenedStructure	Result	Process risinâs	In progress
liquidation_suspension_prohibition_result	IN_REHABILITATION	S	LegalEntityExtenedStructure	Result	Sançts	In rehabilitation
liquidation_suspension_prohibition_result	LIQUIDATED	L	LegalEntityExtenedStructure	Result	Likvidçts	Liquidated
liquidation_suspension_prohibition_result	PROHIBITON_ON_BUSINESS_ACTIVITY_REMOVED	I	LegalEntityExtenedStructure	Result	Aizlieguma veikt uzòçmçjdarbîbu atcelðana	Prohibition on business activity removed
liquidation_suspension_prohibition_result	PROHIBITON_ON_PUBLIC_ACTIVITY_REMOVED	T	LegalEntityExtenedStructure	Result	Publiskâs darbîbas vai citas darbîbas aizlieguma atcelðana	Prohibition on public activity or other activity removed
nature_of_control	AS_COOPERATIVE_MEMBER	KK	LegalEntityExtenedStructure	NatureOfControl	kâ kooperatîvâs sabiedrîbas biedrs	as a cooperative society member
nature_of_control	AS_FOUNDATION_FOUNDER	KN	LegalEntityExtenedStructure	NatureOfControl	kâ nodibinâjuma dibinâtâjs	as a foundation founder
nature_of_control	AS_MEMBER	KD	LegalEntityExtenedStructure	NatureOfControl	kâ dalîbnieks	as a member
nature_of_control	AS_OWNER	KS	LegalEntityExtenedStructure	NatureOfControl	kâ îpaðnieks	as the owner
nature_of_control	AS_PARTNERSHIP_MEMBER	KP	LegalEntityExtenedStructure	NatureOfControl	kâ personâlsabiedrîbas biedrs	as a partnership member
nature_of_control	AS_REPRESENTATIVE	KI	LegalEntityExtenedStructure	NatureOfControl	kâ izpildinstitûcijas vai pârvaldes institûcijas pârstâvis	as a representative of the executive institution or of the administrative body
nature_of_control	AS_SHAREHOLDER	KA	LegalEntityExtenedStructure	NatureOfControl	kâ akcionârs	as a shareholder
nature_of_control	AS_SOCIETY_MEMBER	KB	LegalEntityExtenedStructure	NatureOfControl	kâ biedrîbas biedrs	as a society member
nature_of_control	ON_GROUNDS_OF_AUTHORIZATION	PP	LegalEntityExtenedStructure	NatureOfControl	uz pilnvarojuma lîguma pamata	on grounds of the Power of Attorney
nature_of_control	ON_GROUNDS_OF_BUSINESS_RELATIONS	CA	LegalEntityExtenedStructure	NatureOfControl	uz darîjuma attiecîbu pamata	on grounds of the business relations
nature_of_control	ON_GROUNDS_OF_PROPERTY_RIGHT	IP	LegalEntityExtenedStructure	NatureOfControl	uz îpaðumtiesîbu pamata	on grounds of the property right
nature_of_control	OTHER_TYPE_OF_CONTROL	C	LegalEntityExtenedStructure	NatureOfControl	cits	other
nature_of_control	VIA_ARRANGEMENT_AS_AUTHORIZING_PERSON	CP	LegalEntityExtenedStructure	NatureOfControl	caur juridisko veidojumu kâ pilnvarotâjs	via legal arrangement as the authorizing person
nature_of_control	VIA_ARRANGEMENT_AS_FOUNDER	CD	LegalEntityExtenedStructure	NatureOfControl	caur juridisko veidojumu kâ dibinâtâjs	via legal arrangement as the founder
nature_of_control	VIA_ARRANGEMENT_AS_MANAGING_PERSON	CR	LegalEntityExtenedStructure	NatureOfControl	caur juridisko veidojumu kâ pârvaldîtâjs	via legal arrangement as the managing person
position	ADMINISTRATIVE_MANAGER				Administratîvais vadîtâjs	Administrative Manager
position	ADMINISTRATOR	ADM	LegalEntityExtenedStructure	Position	Administrators	Administrator
position	ARBITRATOR	SKT	LegalEntityExtenedStructure	Position	Tiesnesis	Arbitrator
position	AUDITOR	RVD	LegalEntityExtenedStructure	Position	Revidents	Auditor
position	AUTHORISED_REPRESENTATIVE	PVP	LegalEntityExtenedStructure	Position	Pilnvarotais pârstâvis	Authorised representative
position	BOARD_MEMBER	VLO	LegalEntityExtenedStructure	Position	Valdes loceklis	Member of the Board
position	BRANCH_REPRESENTATIVE	FIL	LegalEntityExtenedStructure	Position	Persona, kura pilnvarota pârstâvçt komersantu darbîbâs, kas saistîtas ar filiâli	A person authorized to represent the merchant in activities related to a branch
position	CHAIR_OF_BOARD	VPR	LegalEntityExtenedStructure	Position	Valdes priekðsçdçtâjs	Chairperson of the Board
position	CHAIR_OF_SUPERVISORY_BOARD	PPR	LegalEntityExtenedStructure	Position	Padomes priekðsçdçtâjs	Chairman of the Supervisory Board
position	CO_OWNER	LIP	LegalEntityExtenedStructure	Position	Lîdzîpaðnieks	Co-owner
position	DEPUTY_CHAIR_OF_SUPERVISORY_BOARD	PPV	LegalEntityExtenedStructure	Position	Padomes priekðsçdçtâja vietnieks	Deputy Chairman of the Supervisory Board
position	ESTATE_TRUSTEE	MAG	LegalEntityExtenedStructure	Position	Mantojuma aizgâdnis	Estate Trustee
position	GENERAL_MANAGER				Vadîtâjs	General Manager
position	GUARDIAN	ABD	LegalEntityExtenedStructure	Position	Aizbildnis	Guardian of a minor
position	LIQUIDATOR	LKV	LegalEntityExtenedStructure	Position	Likvidators	Liquidator
position	MANAGER	VAD	LegalEntityExtenedStructure	Position	Vadîtâjs	Manager
position	MANAGING_DIRECTOR	RDR	LegalEntityExtenedStructure	Position	Rîkotâjdirektors	Managing Director
position	MEMBER	BDR	LegalEntityExtenedStructure	Position	Biedrs	Member
position	OWNER	IPN	LegalEntityExtenedStructure	Position	Îpaðnieks	Owner
position	PRESIDENT	PRZ	LegalEntityExtenedStructure	Position	Prezidents	President
position	REPRESENTATIVE_MANAGER	PAR	LegalEntityExtenedStructure	Position	Pârvaldnieks	Representative manager
position	REPRESENTATIVE_OF_THE_LIQUIDATOR	LKP	LegalEntityExtenedStructure	Position	Likvidatora pârstâvis	Representative of the Liquidator
position	SUPERVISORY_BOARD_MEMBER	PLO	LegalEntityExtenedStructure	Position	Padomes loceklis	Member of the Supervisory Board
register	ARBITRAGE	T	LegalEntityExtenedStructure	Register	Ðíîrçjtiesu reìistrs	Arbitrage Register
register	ASSOCIATIONS_AND_FOUNDATIONS	B	LegalEntityExtenedStructure	Register	Biedrîbu un nodibinâjumu reìistrs	Register of Associations and Foundations
register	COMMERCIAL	K	LegalEntityExtenedStructure	Register	Komercreìistrs	Commercial Register
register	COMMERCIAL_PLEDGES	KK	LegalEntityExtenedStructure	Register	Komercíîlu reìistrs	Register of Commercial Pledges
register	ENTERPRISE_REGISTER_JOURNAL	U	LegalEntityExtenedStructure	Register	Uzòçmumu reìistra þurnâls	Enterprise Register Journal
register	EUROPEAN_ECONOMIC_INTEREST_GROUPINGS	E	LegalEntityExtenedStructure	Register	Eiropas ekonomisko intereðu grupu reìistrs	Register of European Economic Interest Groupings
register	INSOLVENCY	MN	LegalEntityExtenedStructure	Register	Maksâtnespçjas reìistrs	Insolvency register
register	MASS_MEDIA	M	LegalEntityExtenedStructure	Register	Masu informâcijas lîdzekïu reìistrs	Mass Media Register
register	POLITICAL_ORGANISATIONS	O	LegalEntityExtenedStructure	Register	Politisko organizâciju un to apvienîbu reìistrs	Register of Political Organisations (historical)
register	POLITICAL_PARTIES	P	LegalEntityExtenedStructure	Register	Politisko partiju reìistrs	Register of Political Parties
register	PUBLIC_ORGANISATIONS	S	LegalEntityExtenedStructure	Register	Sabiedrisko organizâciju reìistrs	Register of Public Organisations (historical)
register	PUBLIC_PERSONS_INSTITUTIONS	I	LegalEntityExtenedStructure	Register	Publisko personu un iestâþu saraksts	List of public persons and authorities
register	PUBLIC_PRIVATE_PARTNERSHIP_CONTRACTS	PL	LegalEntityExtenedStructure	Register	Publiskâs un privâtâs partnerîbas lîgumu reìistrs	Register of Public and Private Partnership Contracts
register	RELIGIOUS_ORGANISATIONS_AND_INSTITUTIONS	R	LegalEntityExtenedStructure	Register	Reliìisko organizâciju un to iestâþu reìistrs	Register of Religious Organisations and Institutions Thereof
register	REPRESENTATIVE_OFFICES	C	LegalEntityExtenedStructure	Register	Pârstâvniecîbu reìistrs	Register of Representative Offices
register	SPOUSAL_PROPERTY_RELATIONS	LM	LegalEntityExtenedStructure	Register	Laulâto mantisko attiecîbu reìistrs	Spousal Property Relations Register
register	TRADE_UNIONS	A	LegalEntityExtenedStructure	Register	Arodbiedrîbu reìistrs	Register of Trade Unions (historical)
registration_removal_reason	ADDRESS_UPDATE	K	LegalEntityExtenedStructure	Reason	Adreses aktualizâcija	Address update
registration_removal_reason	ANNULLED	A	LegalEntityExtenedStructure	Reason	Anulçts	Annulled
registration_removal_reason	DATA_CHANGES	L	LegalEntityExtenedStructure	Reason	Datu izmaiòas	Data changes
registration_removal_reason	DECEASED	M	LegalEntityExtenedStructure	Reason	Miris	Deceased
registration_removal_reason	ERROR_CORRECTION	O	LegalEntityExtenedStructure	Reason	Kïûdas laboðana	Error correction
registration_removal_reason	INFORMATION_REMOVED	Z	LegalEntityExtenedStructure	Reason	Ziòas izslçgtas 10.04.2006	Information removed on 10.04.2006
registration_removal_reason	REMOVED_BY_CSN_DECISION	V	LegalEntityExtenedStructure	Reason	Izslçgts, pamatojoties uz GVN lçmumu	Removed by Chief State Notar (CSN) decision
registration_removal_reason	RESTORED	J	LegalEntityExtenedStructure	Reason	Darbîba atjaunota	Restored
registration_removal_reason	RESTORED_BY_CSN_DECISION	G	LegalEntityExtenedStructure	Reason	Atjaunots, pamatojoties uz GVN lçmumu	Restored by Chief State Notar (CSN) decision
registration_removal_reason	SUSPENDED	D	LegalEntityExtenedStructure	Reason	Darbîba apturçta	Suspended
religious_affiliation	ADVENTIST	43	LegalEntityExtenedStructure	ReligiouseAffilation	Septîtâs Dienas Adventistu	Seventh-day Adventist Church
religious_affiliation	ANGLICAN	11	LegalEntityExtenedStructure	ReligiouseAffilation	Anglikâòu	Anglican Communion
religious_affiliation	APOSTOLIC	12	LegalEntityExtenedStructure	ReligiouseAffilation	Apustuliskâ	Apostolic Church
religious_affiliation	ARMENIAN	42	LegalEntityExtenedStructure	ReligiouseAffilation	Senaustrumu Apustuliskâ	Armenian Apostolic Church
religious_affiliation	AUGSBURG	13	LegalEntityExtenedStructure	ReligiouseAffilation	Augsburgas (luterâòu)	Augsburg Confession
religious_affiliation	BAHAI	14	LegalEntityExtenedStructure	ReligiouseAffilation	Bahai	Baha'i
religious_affiliation	BAPTIST	15	LegalEntityExtenedStructure	ReligiouseAffilation	Baptistu	Baptist
religious_affiliation	BRANHAMISM	2189	LegalEntityExtenedStructure	ReligiouseAffilation	Branhamistu	Branhamism
religious_affiliation	BUDDHIST	16	LegalEntityExtenedStructure	ReligiouseAffilation	Budistu	Buddhist
religious_affiliation	CATHOLIC	29	LegalEntityExtenedStructure	ReligiouseAffilation	Katoïu	Roman Catholic
religious_affiliation	CHRISTIAN_SCIENCE	31	LegalEntityExtenedStructure	ReligiouseAffilation	Kristîgâs Zinâtnes	Christian Science
religious_affiliation	DE_LUTHERAN	32	LegalEntityExtenedStructure	ReligiouseAffilation	Vâcu luterâòu	German Lutheran
religious_affiliation	DENOMINATIONAL_BODY	30	LegalEntityExtenedStructure	ReligiouseAffilation	Konfesiju Iestâde	Denominational body
religious_affiliation	HINDU	23	LegalEntityExtenedStructure	ReligiouseAffilation	Hinduisti	Hindu
religious_affiliation	INTERFAITH	45	LegalEntityExtenedStructure	ReligiouseAffilation	Starpkonfesionâla	Inter-faith
religious_affiliation	ISLAM	36	LegalEntityExtenedStructure	ReligiouseAffilation	Musulmaòu	Islam / Muslims
religious_affiliation	JEHOVAHS_WITNESSES	27	LegalEntityExtenedStructure	ReligiouseAffilation	Jehovas Liecinieku	Jehovah's Witnesses
religious_affiliation	JEWISH	28	LegalEntityExtenedStructure	ReligiouseAffilation	Jûdu (Mozus) Ticîgo	Jewish
religious_affiliation	LV_DIEVTURI	18	LegalEntityExtenedStructure	ReligiouseAffilation	Dievturu	Latvian Dievturi
religious_affiliation	LV_EVANGELICAL	22	LegalEntityExtenedStructure	ReligiouseAffilation	Evaòìçlisko Kristieðu	Latvian Evangelical Christians
religious_affiliation	LV_EVANGELICAL_FAITH	20	LegalEntityExtenedStructure	ReligiouseAffilation	Evaòìçliskâs Ticîbas Kristieðu	Latvian Christians of Evangelical Faith
religious_affiliation	LV_EVANGELICAL_GOD	19	LegalEntityExtenedStructure	ReligiouseAffilation	Evaòìçliskâ Dieva	Latvian Congregation of Evangelical God 
religious_affiliation	LV_EVANGELICAL_MESSIAH	21	LegalEntityExtenedStructure	ReligiouseAffilation	Evaòìçlisko Mesijas Sekotâju	Latvian Evangelical Messiah-Followers
religious_affiliation	LV_EVANGELICAL_NG	24	LegalEntityExtenedStructure	ReligiouseAffilation	Evaòìçlisko kristieðu (Jaunâ Paaudze)	Latvian Evangelical Christions (New Generation)
religious_affiliation	LV_YOUTH_CHRISTIAN	26	LegalEntityExtenedStructure	ReligiouseAffilation	Jaunatnes Kristîgâ Savienîba	Latvian Youth Christian Association
religious_affiliation	LV_LUTHERAN	33	LegalEntityExtenedStructure	ReligiouseAffilation	Luterâòu	Latvian Lutheran
religious_affiliation	METHODIST	34	LegalEntityExtenedStructure	ReligiouseAffilation	Metodistu	Methodist
religious_affiliation	MORMON	35	LegalEntityExtenedStructure	ReligiouseAffilation	Pçdçjo dienu svçto (mormoòu)	The Church of Jesus Christ of Latter-day Saints
religious_affiliation	NEW_APOSTOLIC	25	LegalEntityExtenedStructure	ReligiouseAffilation	Jaunapustulisko kristieðu	New Apostolic Church
religious_affiliation	OLD_BELIEVER	49	LegalEntityExtenedStructure	ReligiouseAffilation	Vecticîbnieku	Old Believer
religious_affiliation	ORTHODOX	37	LegalEntityExtenedStructure	ReligiouseAffilation	Pareizticîgo	Easterm Orthodox
religious_affiliation	PENTACOSTAL	48	LegalEntityExtenedStructure	ReligiouseAffilation	Vasarsvçtku	Pentacostal
religious_affiliation	PRESBYTERIAN	39	LegalEntityExtenedStructure	ReligiouseAffilation	Presbiterâòu	Presbyterian 
religious_affiliation	PROTESTANT	40	LegalEntityExtenedStructure	ReligiouseAffilation	Protestantu	Protestant
religious_affiliation	REFORMED	41	LegalEntityExtenedStructure	ReligiouseAffilation	Reformâtu	Reformed Church
religious_affiliation	SALVATION_ARMY	38	LegalEntityExtenedStructure	ReligiouseAffilation	Pestîðanas Armija	The Salvation Army
religious_affiliation	SHINTO	44	LegalEntityExtenedStructure	ReligiouseAffilation	Sintoisti	Shinto
religious_affiliation	SUKIYO_MAHIKARI	46	LegalEntityExtenedStructure	ReligiouseAffilation	Sûkjo Mahikari	Sukyo Mahikari
religious_affiliation	UNITARIANISM	52	LegalEntityExtenedStructure	ReligiouseAffilation	Kristîgais unitârisms	Christian Unitarianism
religious_affiliation	VAISHNAVISM	47	LegalEntityExtenedStructure	ReligiouseAffilation	Vaiðnavu	Vaishnavism
religious_affiliation	VISSARION	51	LegalEntityExtenedStructure	ReligiouseAffilation	Pçdçjâs derîbas	Church of the Last Testament
reorganization	ACQUISITION	PIE	LegalEntityExtenedStructure	ReorganizationForm	Pievienoðana	Acquisition
reorganization	DIVISION	SAD	LegalEntityExtenedStructure	ReorganizationForm	Saðíelðana	Division by splitting up
reorganization	MERGER	APV	LegalEntityExtenedStructure	ReorganizationForm	Saplûðana	Merger with consolidation
reorganization	OTHER	CIT	LegalEntityExtenedStructure	ReorganizationForm	Cits	Other
reorganization	REORGANISATION	REO	LegalEntityExtenedStructure	ReorganizationForm	Reorganizâcija	Reorganisation
reorganization	SEPARATION	ATD	LegalEntityExtenedStructure	ReorganizationForm	Nodalîðana	Divestiture separation
reorganization	TRANSFORMATION	UDF	LegalEntityExtenedStructure	ReorganizationForm	Pârveidoðana	Transformation, change of  form or restructuring
rights_of_representation	INDIVIDUALLY	1	LegalEntityExtenedStructure	RepresentationMode	Tiesîbas pârstâvçt atseviðíi	Right to represent individually
rights_of_representation	NO_RIGHT	0	LegalEntityExtenedStructure	RepresentationMode	Nav tiesîbu pârstâvçt	No right of representation
rights_of_representation	SIGNATORY_POWER	9	LegalEntityExtenedStructure	RepresentationMode	Paraksta tiesîbas	Signatory power
rights_of_representation	WITH_ALL	3	LegalEntityExtenedStructure	RepresentationMode	Kopâ ar visiem	Jointly with all persons entitled to represent
rights_of_representation	WITH_AT_LEAST	2	LegalEntityExtenedStructure	RepresentationMode	Kopâ ar vismaz	Jointly with at least {withAtLeast} persons entitled to represent
rights_of_representation	WITH_CHAIR	4	LegalEntityExtenedStructure	RepresentationMode	Kopâ ar valdes priekðsçdçtâju	Jointly with  the Chairperson of the Board
rights_of_representation	WITH_DEPUTY_CHAIR	6	LegalEntityExtenedStructure	RepresentationMode	Kopîgi ar valdes priekðsçdçtâja vietnieku	Jointly with the Deputy Chairperson of the Board
rights_of_representation	WITH_PROKURIST	5	LegalEntityExtenedStructure	RepresentationMode	Kopîgi ar prokûristu	"Jointly with  the ""prokurist"""
rights_to_land	OWNERSHIP	I	LegalEntityExtenedStructure	ActForm	Aktâ noteiktâs tiesîbas uz zemi: îpaðuma	Right to the land under the deed: ownership
rights_to_land	USE	L	LegalEntityExtenedStructure	ActForm	Aktâ noteiktâs tiesîbas uz zemi: lietoðanas	Right to the land under the deed: use
securing_measure	ATTACHMENT	A	LegalEntityExtenedStructure	SecurityMeansForm	Arests	Attachment
securing_measure	LIEN	K	LegalEntityExtenedStructure	SecurityMeansForm	Apíîlâjums	Lien
securing_measure	PROHIBITION	L	LegalEntityExtenedStructure	SecurityMeansForm	Aizliegums	Prohibition
status	ANNULLED	A	LegalEntityExtenedStructure	Status	Anulçts	Annulled
status	REGISTERED				Reìistrçts	Registered
status	REMOVED	L	LegalEntityExtenedStructure	Status	Izslçgts no reìistra	Removed from the register
status_details	IN_LIQUIDATION				Aktîvs likvidâcijas process	Pending liquidation proceeding
status_details	REORGANIZED	R	LegalEntityExtenedStructure	Status	Izslçgts reorganizâcijas rezultâtâ	Removed from the register as a result of reorganization
subordination	CONTROL				Pakïautîbâ 	Under control
subordination	SUPERVISION				Pârraudzîbâ	Under supervision
various_notice	ADDRESS_TRANSFER_PROPOSAL	AMPR	LegalEntityExtenedStructure	EventType	Adreses maiòas priekðlikums	The address transfer proposal
various_notice	AMENDMENTS_TO_DECISION_ON_REORGANISATION	RLGR	LegalEntityExtenedStructure	EventType	Grozîjumi reorganizâcijas lçmuma projektâ	Amendments to the decision on reorganisation
various_notice	AMENDMENTS_TO_PLAN_FOR_EXTINGUISHING_OBLIGATIONS	SDGR	LegalEntityExtenedStructure	EventType	Saistîbu dzçðanas plâna grozîjumi	Amendments to the plan for extinguishing the obligations
various_notice	AMENDMENTS_TO_PLAN_FOR_PROPERTY_SALE_AND_SETTLING_OF_CLAIMS	MKGR	LegalEntityExtenedStructure	EventType	Mantas pârdoðanas un kreditoru prasîjumu apmierinâðanas plâna grozîjumi	Amendments to the plan for property sale and settling of creditors’ claims
various_notice	AMENDMENTS_TO_REORGANISATION_DRAFT_AGREEMENT	RCGR	LegalEntityExtenedStructure	EventType	Grozîjumi reorganizâcijas lîguma projektâ	Amendments to the Reorganisation draft agreement 
various_notice	CONFIRMATION_THAT_ARBITRATORS_UPDATED	ASSA	LegalEntityExtenedStructure	EventType	Apliecinâjums par ðíîrçjtiesneðu saraksta aktualitâti	Confirmation that the list of arbitrators is updated (historical)
various_notice	CONFIRMATION_UNDER_ARTICLE_8_5A_OF_ARBITRATION_LAW	ASL5	LegalEntityExtenedStructure	EventType	Apliecinâjums atbilstoði Ðíîrçjtiesu likuma 8.panta piektajai prim daïai	Confirmation under Paragraph 5', Article 8 of the Arbitration Law
various_notice	CONFIRMATION_UNDER_ARTICLE_8_6_OF_ARBITRATION_LAW	ASL6	LegalEntityExtenedStructure	EventType	Apliecinâjums atbilstoði Ðíîrçjtiesu likuma 8.panta sestajai daïai	Confirmation under Paragraph 6, Article 8 of the Arbitration Law 
various_notice	CORRECTED_PLAN_FOR_PROPERTY_SALE	MPGR	LegalEntityExtenedStructure	EventType	Precizçts mantas pârdoðanas plâns	Corrected plan for property sale
various_notice	DECISION_ON_CHANGE_OF_ADDRESS	LADR	LegalEntityExtenedStructure	EventType	Lçmums par adreses maiòu	Decision on the change of address
various_notice	DECISION_ON_CHANGE_OF_CANNONICAL_SUBORDINATION	LKAN	LegalEntityExtenedStructure	EventType	Lçmums par kanoniskâs pakïautîbas maiòu	Decision on the change of canonical subordination
various_notice	DECISION_ON_CHANGE_OF_THE_NAME	LNOS	LegalEntityExtenedStructure	EventType	Lçmums par nosaukuma maiòu	Decision on the change of the name
various_notice	DECISION_ON_LIQUIDATION	LLIK	LegalEntityExtenedStructure	EventType	Lçmums par likvidçðanu	Decision on the liquidation
various_notice	DECISION_ON_RECOGNITION	LATZ	LegalEntityExtenedStructure	EventType	Lçmums par atzîðanu	Decision on the recognition
various_notice	DECISION_ON_REORGANISATION	LREO	LegalEntityExtenedStructure	EventType	Lçmums par reorganizâciju	Decision on the reorganisation
various_notice	DIVISION_OF_REGISTER_OF_SHAREHOLDERS	DRND	LegalEntityExtenedStructure	EventType	Dalîbnieku reìistra nodalîjums	Division of the Register of Shareholders
various_notice	DRAFT_DECISION_ON_REORGANISATION	RLPR	LegalEntityExtenedStructure	EventType	Reorganizâcijas lçmuma projekts	Draft decision on reorganisation
various_notice	LIST_OF_ARBITRATORS	SKTS	LegalEntityExtenedStructure	EventType	Ðíîrçjtiesneðu saraksts	List of arbitrators (historical)
various_notice	NOTIFICATION_ON_COMPLIANCE_WITH_CONDITIONS_ON_SIGNIFICANCE_TO_NATIONAL_SECURITY	PNDS	LegalEntityExtenedStructure	EventType	Paziòojums par komercsabiedrîbas atbilstîbu nacionâlajai droðîbai nozîmîgas komercsabiedrîbas nosacîjumiem	Notification on compliance of the commercial company with conditions on commercial companies significant for national security
various_notice	NOTIFICATION_ON_EXPIRY_OF_COMPLIANCE_WITH_CONDITIONS_ON_SIGNIFICANCE_TO_NATIONAL_SECURITY	PNDB	LegalEntityExtenedStructure	EventType	Paziòojums par komercsabiedrîbas atbilstîbas nacionâlajai droðîbai nozîmîgas komercsabiedrîbas nosacîjumiem izbeigðanos	Notification on expiry of compliance of the commercial company with conditions on commercial companies significant for national security
various_notice	NOTIFICATION_ON_REDUCTION_IN_EQUITY_CAPITAL	PPKS	LegalEntityExtenedStructure	EventType	Paziòojums par pamatkapitâla samazinâðanu	Notification on reduction in the equity capital
various_notice	PLAN_FOR_EXTINGUISHING_OBLIGATIONS	SDPL	LegalEntityExtenedStructure	EventType	Saistîbu dzçðanas plâns	Plan for extinguishing the obligations
various_notice	PLAN_FOR_PROPERTY_SALE	MPPL	LegalEntityExtenedStructure	EventType	Mantas pârdoðanas plâns	Plan for property sale
various_notice	PLAN_FOR_PROPERTY_SALE_AND_SETTLING_OF_CLAIMS	MKPL	LegalEntityExtenedStructure	EventType	Mantas pârdoðanas un kreditoru prasîjumu apmierinâðanas plâns	Plan for property sale and settling of creditors' claims
various_notice	PROPOSAL_ON_TRANSFERRING_ADDRESS_OF_EEIG	EGAD	LegalEntityExtenedStructure	EventType	Priekðlikums mainît Eiropas ekonomisko intereðu grupas juridisko adresi	Proposal on transferring the legal address of the European Economic Interest Grouping
various_notice	PROPOSAL_ON_TRANSFERRING_ADDRESS_OF_SCE	ECAD	LegalEntityExtenedStructure	EventType	Priekðlikums mainît Eiropas kooperatîvâs sabiedrîbas juridisko adresi	Proposal on transferring the legal address of the European cooperative society
various_notice	PROPOSAL_ON_TRANSFERRING_ADDRESS_OF_SE	EMAD	LegalEntityExtenedStructure	EventType	Priekðlikums mainît Eiropas komercsabiedrîbas juridisko adresi	Proposal on transferring the legal address of the European Sompany
various_notice	REGISTER_OF_SHAREHOLDERS	DREG	LegalEntityExtenedStructure	EventType	Dalîbnieku reìistrs	Register of Shareholders (historical)
various_notice	REORGANISATION_DRAFT_AGREEMENT	RCPR	LegalEntityExtenedStructure	EventType	Reorganizâcijas lîguma projekts	Reorganisation draft agreement 
various_notice	RULES_OF_PROCEDURE	REGL	LegalEntityExtenedStructure	EventType	Reglaments	Rules of procedure
various_status	BENEFICIAL_OWNER_CANNOT_BE_IDENTIFIED	P	LegalEntityExtenedStructure	SpecialStatus	Juridiskâs personas patieso labuma guvçju noskaidrot nav iespçjams	The beneficial owner of a legal person cannot be identified
various_status	BENEFICIAL_OWNER_CONTROL_RESULTS_FROM_SHAREHOLDERS_STATUS	B	LegalEntityExtenedStructure	SpecialStatus	Patiesais labuma guvçjs ir akcionârs tâdâ akciju sabiedrîbâ, kuras akcijas ir iekïautas regulçtajâ tirgû, un veids, kâdâ tiek îstenota kontrole pâr juridisko personu, izriet tikai no akcionâra statusa	The beneficial owner is a shareholder of a public company with shares admitted for trading on a regulated market, and control over the legal person only results from the shareholder’s status
various_status	SIGNIFICANT_TO_NATIONAL_SECURITY	N	LegalEntityExtenedStructure	SpecialStatus	Nacionâlajai droðîbai nozîmîga komercsabiedrîba	A commercial company of significance to national security
