type;public_code;ur_code_legacy;XML_root_legacy;XML_element_legacy;description_LV;description_EN
area_of_activity;ADVOCACY;IAO;LegalEntityExtenedStructure;BusinessAreaForm;Interešu aizstāvības organizāciju darbība;Advocacy work
area_of_activity;ARCHITECTURE_RESTORATION;ARH;LegalEntityExtenedStructure;BusinessAreaForm;Arhitektūra un restaurācija;Architecture and restoration
area_of_activity;ASSOCIATION_OF_EMPLOYERS_ORGANISATIONS;DDA;LegalEntityExtenedStructure;BusinessAreaForm;Darba devēju organizāciju apvienība;Association of Employers' Organisations
area_of_activity;BOOK_PUBLISHING;GRA;LegalEntityExtenedStructure;BusinessAreaForm;Grāmatu izdošana;Book publishing
area_of_activity;CONSERVATION_OF_NATURAL_RESOURCES;DRA;LegalEntityExtenedStructure;BusinessAreaForm;Dabas resursu aizsardzība un ilgtspējīga izmantošana;Conservation and sustainable use of natural resources
area_of_activity;CRIME_PREVENTION;NOP;LegalEntityExtenedStructure;BusinessAreaForm;Noziegumu profilakse;Crime prevention
area_of_activity;CULTURE_EXCHANGE;KUA;LegalEntityExtenedStructure;BusinessAreaForm;Kultūras apmaiņa;Culture exchange
area_of_activity;CUSTOMER_RIGHTS_PROTECTION;PAT;LegalEntityExtenedStructure;BusinessAreaForm;Patērētāju tiesību aizsardzība;Customer rights protection
area_of_activity;DESIGN;DIZ;LegalEntityExtenedStructure;BusinessAreaForm;Dizains;Design
area_of_activity;DEVELOPMENT_COOPERATION;ATS;LegalEntityExtenedStructure;BusinessAreaForm;Attīstības sadarbība;Development cooperation
area_of_activity;DIRECTORY_PUBLISHING;IKI;LegalEntityExtenedStructure;BusinessAreaForm;Izziņu katalogu izdošana;Publishing of directories and mailing lists 
area_of_activity;ECONOMIC_DEVELOPMENT;EKA;LegalEntityExtenedStructure;BusinessAreaForm;Ekonomiskā attīstība;Economic development
area_of_activity;EDUCATION;IZG;LegalEntityExtenedStructure;BusinessAreaForm;Izglītība;Education
area_of_activity;EMPLOYERS_ORGANISATION;DDO;LegalEntityExtenedStructure;BusinessAreaForm;Darba devēju organizācija;Employers' Organisation
area_of_activity;ENVIRONMENTAL_AWARENESS;VIA;LegalEntityExtenedStructure;BusinessAreaForm;Vides apziņa;Environmental awareness
area_of_activity;ENVIRONMENTAL_CLEANING;VIS;LegalEntityExtenedStructure;BusinessAreaForm;Vides sakopšana;Environmental cleaning
area_of_activity;ENVIRONMENTAL_PROTECTION;VAP;LegalEntityExtenedStructure;BusinessAreaForm;Vides aizsardzība. Piesārņojuma samazināšana un kontrole;Environmental protection. Pollution prevention and control
area_of_activity;FILMMAKING;FIP;LegalEntityExtenedStructure;BusinessAreaForm;Filmu producēšana;Motion picture production activities 
area_of_activity;FOLK_ART;TMM;LegalEntityExtenedStructure;BusinessAreaForm;Tautas māksla un nemateriālais mantojums;Folk art and intangible heritage
area_of_activity;GENDER_EQUALITY;DZL;LegalEntityExtenedStructure;BusinessAreaForm;Dzimumu līdztiesība;Gender equality
area_of_activity;HEALTH_EDUCATION;SVI;LegalEntityExtenedStructure;BusinessAreaForm;Sabiedrības veselība un veselības izglītība;Public health and health education
area_of_activity;HOUSING_MANAGEMENT;MAP;LegalEntityExtenedStructure;BusinessAreaForm;Mājokļu apsaimniekošana;Housing management
area_of_activity;HUMANITIES;VHZ;LegalEntityExtenedStructure;BusinessAreaForm;Vēsture un humanitārās zinātnes;Humanities, incl. history
area_of_activity;INTERNATIONAL_AID_TO_COUNTRIES_AFFECTED_BY_DISASTERS;SPL;LegalEntityExtenedStructure;BusinessAreaForm;Starptautiska palīdzības līdzekļu nodrošināšana katastrofās cietušām valstīm;Providing of international assistance to countries affected by disasters
area_of_activity;INTERNATIONAL_DISASTER_RESPONSE_AND_RELIEF;SKS;LegalEntityExtenedStructure;BusinessAreaForm;Starptautiska katastrofu seku likvidēšana un palīdzība;International disaster response and relief
area_of_activity;INTERNATIONAL_HUMAN_RIGHTS_AND_PEACEKEEPING;SCM;LegalEntityExtenedStructure;BusinessAreaForm;Starptautiskās cilvēktiesības un miera uzturēšana;International human rights and peacekeeping
area_of_activity;YOUTH_ASSOCIATION_FOUNDATION;JAU;LegalEntityExtenedStructure;BusinessAreaForm;Jaunatnes biedrība vai nodibinājums;Youth association or foundation
area_of_activity;LEGAL_ADVISORY;JUP;LegalEntityExtenedStructure;BusinessAreaForm;Juridiskā palīdzība;Legal advisory
area_of_activity;LIBRARY_OPERATION;BIB;LegalEntityExtenedStructure;BusinessAreaForm;Bibliotēku darbība;Library operation
area_of_activity;MAGAZINE_PUBLISHING;ZUR;LegalEntityExtenedStructure;BusinessAreaForm;Žurnālu izdošana;Publishing of magazines
area_of_activity;MUSEUMS;MUZ;LegalEntityExtenedStructure;BusinessAreaForm;Muzeji;Museums
area_of_activity;MUSIC_DANCE_THEATRE;MDT;LegalEntityExtenedStructure;BusinessAreaForm;Mūzika, deja, teātris;Music, dance, theatre
area_of_activity;MUSIC_DANCE_THEATRE_SUPPORT;MDA;LegalEntityExtenedStructure;BusinessAreaForm;Mūzikas, dejas un teātra atbalsts;Music, dance, theatre support
area_of_activity;NATURE_PROTECTION;DAB;LegalEntityExtenedStructure;BusinessAreaForm;Dabas aizsardzība;Nature protection
area_of_activity;NEC_ACTIVITY;CNB;LegalEntityExtenedStructure;BusinessAreaForm;Citur neklasificēta biedrība vai nodibinājums;Not elsewhere classified activity of society or foundation
area_of_activity;NEIGHBORHOOD_DEVELOPMENT;KAA;LegalEntityExtenedStructure;BusinessAreaForm;Kopienas un apkaimes attīstība;Community and neighborhood development
area_of_activity;NEWSPAPER_PUBLISHING;LAI;LegalEntityExtenedStructure;BusinessAreaForm;Laikrakstu izdošana;Publishing of newspapers
area_of_activity;ORGANIZATION_OF_SPORTS_EVENTS;SPO;LegalEntityExtenedStructure;BusinessAreaForm;Sporta pasākumu organizēšana;Organization of sports events
area_of_activity;OTHER_CULTURAL_ACTIVITIES;CKD;LegalEntityExtenedStructure;BusinessAreaForm;Cita kultūras darbība;Other activities in culture field 
area_of_activity;OTHER_HEALTH_ACTIVITIES;CVD;LegalEntityExtenedStructure;BusinessAreaForm;Cita ar veselību saistīta darbība;Other rehabilitation-related activities
area_of_activity;OTHER_RECREATION_ACTIVITIES;CIA;LegalEntityExtenedStructure;BusinessAreaForm;Cita izklaides un atpūtas darbība;Other amusement and recreation activities
area_of_activity;PHILANTHROPIC_INTERMEDIATION;FIL;LegalEntityExtenedStructure;BusinessAreaForm;Filantropijas starpniecība;Philanthropic intermediation
area_of_activity;PROFESSIONAL_ASSOCIATION_FOUNDATION;PRO;LegalEntityExtenedStructure;BusinessAreaForm;Profesionālā biedrība vai nodibinājums;Professional association or foundation
area_of_activity;PROMOTION_OF_EMPLOYMENT;NOV;LegalEntityExtenedStructure;BusinessAreaForm;Nodarbinātības veicināšana;Promotion of employment
area_of_activity;PROMOTION_OF_VOLUNTARY_WORK;BDV;LegalEntityExtenedStructure;BusinessAreaForm;Brīvprātīgā darba veicināšana;Promotion of voluntary work
area_of_activity;PROTECTION_OF_ANIMALS;DAL;LegalEntityExtenedStructure;BusinessAreaForm;Dzīvnieku aizsardzība un labklājība;Protection and welfare of animals
area_of_activity;PROTECTION_OF_HUMAN_RIGHTS;PTC;LegalEntityExtenedStructure;BusinessAreaForm;Pilsonisko tiesību un cilvēktiesību aizsardzība;Protection of citizen and human rights
area_of_activity;RADIO_STATION;RAD;LegalEntityExtenedStructure;BusinessAreaForm;Radiostacija;Radio station
area_of_activity;REHABILITATION;REH;LegalEntityExtenedStructure;BusinessAreaForm;Rehabilitācija;Rehabilitation
area_of_activity;REHABILITATION_OF_OFFENDERS;LRE;LegalEntityExtenedStructure;BusinessAreaForm;Likumpārkāpēju rehabilitācija;Rehabilitation of offenders
area_of_activity;RESEARCH_MEDICINE;MED;LegalEntityExtenedStructure;BusinessAreaForm;Medicīniskā pētniecība;Research on medicine
area_of_activity;RESEARCH_SOCIAL_SCIENCES;SZP;LegalEntityExtenedStructure;BusinessAreaForm;Sociālās zinātnes, socioloģiskā un politikas pētniecība;Research on social sciences and humanities, sociology, and politics
area_of_activity;SCIENCE_TECHNOLOGY;ZUT;LegalEntityExtenedStructure;BusinessAreaForm;Zinātne un tehnoloģijas;Science and technology
area_of_activity;SOCIAL_PROTECTION;SOC;LegalEntityExtenedStructure;BusinessAreaForm;Sociālā aizsardzība;Social protection
area_of_activity;SPORTS_CENTER;SPC;LegalEntityExtenedStructure;BusinessAreaForm;Sporta centrs;Sports center
area_of_activity;SPORTS_CLUB;SPK;LegalEntityExtenedStructure;BusinessAreaForm;Sporta klubs;Sports club
area_of_activity;SPORTS_EDUCATION;SPI;LegalEntityExtenedStructure;BusinessAreaForm;Sporta izglītība;Sports education
area_of_activity;SPORTS_SUPPORT;SAT;LegalEntityExtenedStructure;BusinessAreaForm;Sporta atbalsts;Support to sports
area_of_activity;SPORTS_UNION;SPA;LegalEntityExtenedStructure;BusinessAreaForm;Sporta apvienība un sporta federācija;Sports union and sports federation
area_of_activity;SUPPORT_FAMILIES_CHILDREN;AGB;LegalEntityExtenedStructure;BusinessAreaForm;Atbalsts ģimenēm un bērniem;Support to families and children
area_of_activity;SUPPORT_TO_VICTIMS_OF_CRIME;ANU;LegalEntityExtenedStructure;BusinessAreaForm;Atbalsts noziegumu upuriem;Support to victims of crime
area_of_activity;TRADE_UNION;ARB;LegalEntityExtenedStructure;BusinessAreaForm;Arodbiedrība;Trade Union
area_of_activity;TV_CHANNEL;TVK;LegalEntityExtenedStructure;BusinessAreaForm;TV kanāls;TV channel
area_of_activity;VETERINARY_SERVICES;VET;LegalEntityExtenedStructure;BusinessAreaForm;Veterinārie pakalpojumi;Veterinary services
area_of_activity;VISUAL_ARTS;VIZ;LegalEntityExtenedStructure;BusinessAreaForm;Vizuālā māksla;Visual arts
area_of_activity;VOLUNTEER_FIRE_ORGANIZATION;BUO;LegalEntityExtenedStructure;BusinessAreaForm;Brīvprātīgo ugunsdzēsēju organizācija;Volunteer fire organization
authority;CHANCERY_OF_PRESIDENT;;;;Valsts prezidenta kanceleja;Chancery of the President of Latvia
authority;COURT;;;;Tiesa ;Court
authority;DERIVED_PUBLIC_PERSON;;;;Atvasināta publiska persona;Derived public person
authority;INSTITUTION_OF_DIRECT_ADMINISTRATION;;;;Tiešās pārvaldes iestāde;Institution of direct administration
authority;INSTITUTION_OF_INDIRECT_ADMINISTRATION;;;;Pastarpinātās pārvaldes iestāde;Institution of indirect administration
authority;OTHER_AUTHORITY;;;;Cita valsts iestāde;Other public authority
authority;PARLIAMENT;;;;Latvijas Republikas Saeima;Latvian Parliament
authority;PROSECUTION_OFFICE;;;;Prokuratūra;Prosecution Office
capital;CONDITIONAL_EQUITY;NOS;LegalEntityExtenedStructure;CapitalForm;Nosacītais pamatkapitāls;Conditional equity
capital;EQUITY_KB;PKB;LegalEntityExtenedStructure;CapitalForm;Pamatkapitāls (KB);Equity of KB (Co-operative Society)
capital;FOUNDING_AS;DIB;LegalEntityExtenedStructure;CapitalForm;Dibināšanas kapitāls (AS);Founding capital of AS (PLC)
capital;HISTORICAL_EQUITY;OBC;LegalEntityExtenedStructure;CapitalForm;Pamatkapitāls (vēsture);Equity (history)
capital;INVESTMENT;KOM;LegalEntityExtenedStructure;CapitalForm;Ieguldījums;Investment
capital;MINIMUM_RESERVES;OBL;LegalEntityExtenedStructure;CapitalForm;Obligātā rezerve;Minimum reserves
capital;PAID_UP_EQUITY;APM;LegalEntityExtenedStructure;CapitalForm;Apmaksātais pamatkapitāls;Paid-up equity
capital;REGISTERED_AS;RGP;LegalEntityExtenedStructure;CapitalForm;Reģistrētais kapitāls (AS);Registered capital of AS (PLC)
capital;REGISTERED_EQUITY;REG;LegalEntityExtenedStructure;CapitalForm;Reģistrētais pamatkapitāls;Registered equity
change;ACTIVITY;dv;LegalEntityExtenedStructure;ChangesRecord;Darbības veidu maiņa;Change of activity
change;ADDRESS;adrese;LegalEntityExtenedStructure;ChangesRecord;Adreses maiņa;Change of legal address
change;BENEFICIAL_OWNER;plg;LegalEntityExtenedStructure;ChangesRecord;Izmaiņas patiesajos labuma guvējos;Change in beneficial owners
change;BRANCH;fil;LegalEntityExtenedStructure;ChangesRecord;Izmaiņas filiālēs;Change in branches
change;EQUITY_CAPITAL;pk;LegalEntityExtenedStructure;ChangesRecord;Pamatkapitāla maiņa;Change of equity capital
change;LIQUIDATION;;;;Izmaiņas saistībā ar likvidācijas procesu;Change concerning liquidation proceedings
change;MEMBER;dibin;LegalEntityExtenedStructure;ChangesRecord;Izamiņas dalībniekos;Change in members
change;NAME;nosaukumi;LegalEntityExtenedStructure;ChangesRecord;Nosaukuma maiņa;Change of legal name
change;NEW;;;;Reģistrēts jauns subjekts;New entity was registered
change;OFFICER;pers;LegalEntityExtenedStructure;ChangesRecord;Izmaiņas amatpersonās;Change in officers
change;OTHER_CHANGE;others;LegalEntityExtenedStructure;ChangesRecord;Citas izmaiņas;Unidentified type of change
change;PROCURATION;prok;LegalEntityExtenedStructure;ChangesRecord;Izmaiņas prokuristos;Change in procurations
change;REMOVAL;;;;Subjekts no reģistra izslēgts;Entity was removed
change;REORGANIZATION;;;;Izmaiņas saistībā ar reorganizācijas procesu;Change concerning reorganisation proceedings
change;REREGISTRATION;reg;LegalEntityExtenedStructure;ChangesRecord;Reģistra maiņa;Change of register
change;SECURING_MEASURE;arests;LegalEntityExtenedStructure;ChangesRecord;Nodrošinājuma līdzekļu maiņa;Change in securing measures
change_reason;ADDRESS_UPDATED;K;LegalEntityExtenedStructure;ChangeReason;Aktualizēts, pamatojoties uz likuma Par Latvijas Republikas Uzņēmumu reģistru 4.4panta trešo daļu;Updated on the basis of Paragraph three, Article 4.4 of the Law on the Enterprise Register of the Republic of Latvia
change_reason;ANNULLED;A;LegalEntityExtenedStructure;ChangeReason;Anulēts;Entry annulled
change_reason;EQUITY_RECALCULATED;C;LegalEntityExtenedStructure;ChangeReason;Pamatkapitāls pārrēķināts, pamatojoties uz Komerclikuma pārejas noteikumu 52.p;The equity capital recalculated in conformity with Paragraph 52 of the transitional provisions of the Commercial Law
change_reason;LATVIAN_IN_UPDATED;P;LegalEntityExtenedStructure;ChangeReason;Aktualizēts personas kods, pamatojoties uz Iedzīvotāju reģistra datiem;Latvian identity number updated according to data from the Latvian Population Register
decisive_influence;GROUP_OF_COMPANIES_CONTRACT;K;LegalEntityExtenedStructure;InfluenceForm;Koncernu līgums;Group of Companies Contract
decisive_influence;PARTICIPATION;L;LegalEntityExtenedStructure;InfluenceForm;Līdzdalība;Participation
decisive_influence_details;CONTROL;V;LegalEntityExtenedStructure;BaseGroupForm;Pārvaldes līgums;Control Agreement
decisive_influence_details;CONTROL_AND_PROFIT_TRANSFER;A;LegalEntityExtenedStructure;BaseGroupForm;Pārvaldes un peļņas nodošanas līgums;Control and Profit Transfer Agreement 
decisive_influence_details;HAS_EXERCISED_RIGHTS;G;LegalEntityExtenedStructure;BaseGroupForm;uzņēmums ir sabiedrības dalībnieks un, izmantojot vienīgi savas dalībnieka tiesības, pārskata gada laikā ir iecēlis sabiedrības izpildinstitūcijas vai pārraudzības institūcijas locekļu vairākumu;Undertaking is a shareholder of the company and has only exercised its shareholder’s rights to elect the majority of members of the company’s executive body or supervisory body during the accounting year
decisive_influence_details;HAS_MAJORITY;B;LegalEntityExtenedStructure;BaseGroupForm;uzņēmumam sabiedrībā ir balsstiesību vairākums;Undertaking has the majority of votes in the company
decisive_influence_details;HAS_RIGHTS;P;LegalEntityExtenedStructure;BaseGroupForm;uzņēmumam kā sabiedrības dalībniekam ir tiesības iecelt vai atcelt sabiedrības izpildinstitūcijas vai pārraudzības institūcijas locekļu vairākumu;Undertaking as a shareholder of the company has the right to elect or dismiss the majority of members of the company’s executive body or supervisory body
decisive_influence_details;HAS_SOLE_CONTROL;K;LegalEntityExtenedStructure;BaseGroupForm;uzņēmums ir sabiedrības dalībnieks un, pamatojoties uz vienošanos ar citiem dalībniekiem, viens pats kontrolē balsstiesību vairākumu sabiedrībā;Undertaking is a shareholder of the company and has sole control over the majority of voting rights in the company based on the agreement with other shareholders
decisive_influence_details;PROFIT_TRANSFER;P;LegalEntityExtenedStructure;BaseGroupForm;Peļņas nodošanas līgums;Profit Transfer Agreement
governing_body;ADMINISTRATION;ADM;LegalEntityExtenedStructure;Institution;Administrācija;Administration
governing_body;AUDIT_COMMITTEE;RVZ;LegalEntityExtenedStructure;Institution;Revīzijas komisija;Audit Committee
governing_body;AUDITOR;REV;LegalEntityExtenedStructure;Institution;Revidents;Auditor
governing_body;BOARD_DIRECTORS;DVL;LegalEntityExtenedStructure;Institution;Direktoru valde;Board of Directors
governing_body;CENTRAL_COMMITTEE;CKM;LegalEntityExtenedStructure;Institution;Centrālkomiteja;Central Committee
governing_body;CITY_COUNCIL;DOM;LegalEntityExtenedStructure;Institution;Dome;City Council
governing_body;COLLEGIUM;KOL;LegalEntityExtenedStructure;Institution;Kolēģija;Collegium
governing_body;COMMITTEE;KOM;LegalEntityExtenedStructure;Institution;Komiteja;Committee
governing_body;CONFERENCE;KNF;LegalEntityExtenedStructure;Institution;Konference;Conference
governing_body;CONGRESS;KNG;LegalEntityExtenedStructure;Institution;Kongress;Congress
governing_body;CONVENTION;KNV;LegalEntityExtenedStructure;Institution;Konvents;Convention
governing_body;COORDINATION_COUNCIL;KPD;LegalEntityExtenedStructure;Institution;Koordinācijas padome;Coordination Council
governing_body;COUNCIL_DIRECTORS;DPD;LegalEntityExtenedStructure;Institution;Direktoru padome;Council of Directors
governing_body;DIRECTORATE;DIR;LegalEntityExtenedStructure;Institution;Direkcija;Directorate
governing_body;EXECUTIVE_BOARD;VAL;LegalEntityExtenedStructure;Institution;Valde;Executive Board
governing_body;EXECUTIVE_BODY;IZN;LegalEntityExtenedStructure;Institution;Izpildinstitūcija;Executive Body
governing_body;EXECUTIVE_COMMITTEE;IKM;LegalEntityExtenedStructure;Institution;Izpildkomiteja;Executive Committee
governing_body;GENERAL_MEETING;KOP;LegalEntityExtenedStructure;Institution;Kopsapulce;General Meeting
governing_body;LIQUIDATION_COMMITTEE;LKK;LegalEntityExtenedStructure;Institution;Likvidācijas komisija;Liquidation Committee
governing_body;MANAGEMENT_BODY;VIN;LegalEntityExtenedStructure;Institution;Vadības institūcija;Management Body
governing_body;PRESIDIUM;PRZ;LegalEntityExtenedStructure;Institution;Prezidijs;Presidium
governing_body;SECRETARIAT;SKR;LegalEntityExtenedStructure;Institution;Sekretariāts;Secretariat
governing_body;SENATE;SNT;LegalEntityExtenedStructure;Institution;Senāts;Senate
governing_body;STAFF_COMMITTEE;ARK;LegalEntityExtenedStructure;Institution;Arodkomiteja;Staff Committee
governing_body;SUPERVISORY_BOARD;PAD;LegalEntityExtenedStructure;Institution;Padome;Supervisory Board
identity_document;DRIVING_LICENCE;VA;LegalEntityExtenedStructure;DocumentType;Vadītāja apliecība;Driving Licence
identity_document;FOREIGN_PASSPORT;AP;LegalEntityExtenedStructure;DocumentType;Ārzemju pase;Foreign Passport
identity_document;IDENTITY_CARD;IK;LegalEntityExtenedStructure;DocumentType;Identifikācijas karte;Identification Card
identity_document;OTHER_DOCUMENT;CT;LegalEntityExtenedStructure;DocumentType;Cits dokuments;Other document
identity_document;PASSPORT;PS;LegalEntityExtenedStructure;DocumentType;Pase;Passport
legal_act;DECISION;;;;Lēmums;Decision
legal_act;LAW;;;;Likums;Law
legal_act;ORDER;;;;Rīkojums;Order
legal_act;OTHER_LEGAL_ACT;;;;Cits;Other
legal_act;PROTOCOL;;;;Protokols;Protocol
legal_act;RULES;;;;Noteikumi;Rules
legal_form;ADDITIONAL_LIABILITY_COMPANY_PAP;PAP;LegalEntityExtenedStructure;LegalForm;Sabiedrība ar papildu atbildību  (vēsturiska forma);Additional Liability Company (historical form)
legal_form;ALLIANCE_OF_POLITICAL_PARTIES_PPA;PPA;LegalEntityExtenedStructure;LegalForm;Politisko partiju apvienība;Alliance of Political Parties
legal_form;ARBITRATION_COURT_SKT;SKT;LegalEntityExtenedStructure;LegalForm;Šķīrējtiesa;Arbitration Court
legal_form;ASSOCIATION_BDR;BDR;LegalEntityExtenedStructure;LegalForm;Biedrība;Association
legal_form;ASSOCIATION_OF_PUBLIC_ORGANISATIONS_SAA;SAA;LegalEntityExtenedStructure;LegalForm;Sabiedrisko organizāciju apvienība (vēsturiska forma);Association of Public Organisations (historical form)
legal_form;ASSOCIATION_OF_PUBLIC_SPORTS_ORGANISATIONS_SPA;SPA;LegalEntityExtenedStructure;LegalForm;Sporta sabiedrisko organizāciju apvienība (vēsturiska forma);Association of Public Sports Organisations (historical form)
legal_form;ASSOCIATION_OF_TRADE_UNIONS_ARA;ARA;LegalEntityExtenedStructure;LegalForm;Arodbiedrību apvienība;Association of Trade Unions
legal_form;BRANCH_FIL;FIL;LegalEntityExtenedStructure;LegalForm;Filiāle;Branch
legal_form;BRANCH_OF_EUROPEAN_ECONOMIC_INTEREST_GROUPING_EGF;EGF;LegalEntityExtenedStructure;LegalForm;Eiropas ekonomisko interešu grupas filiāle;Branch of European Economic Interest Grouping
legal_form;BRANCH_OF_FOREIGN_COMPANY_AKF;AKF;LegalEntityExtenedStructure;LegalForm;Ārvalsts komersanta filiāle;Branch of Foreign Company
legal_form;CHURCH_BAZ;BAZ;LegalEntityExtenedStructure;LegalForm;Baznīca;Church
legal_form;CONGREGATION_DRZ;DRZ;LegalEntityExtenedStructure;LegalForm;Draudze;Congregation
legal_form;COOPERATIVE_SHARE_COMPANY_PAJ;PAJ;LegalEntityExtenedStructure;LegalForm;Paju sabiedrība  (vēsturiska forma);Co-operative Share Company (historical form)
legal_form;COOPERATIVE_SOCIETIES_COMPANY_KBU;KBU;LegalEntityExtenedStructure;LegalForm;Kooperatīvo biedrību uzņēmums (vēsturiska forma);Undertaking of Co-operative Societies  (historical form)
legal_form;COOPERATIVE_SOCIETY_KB;KB;LegalEntityExtenedStructure;LegalForm;Kooperatīvā sabiedrība;Co-operative Society
legal_form;DEACONATE_INSTITUTION_DIS;DIS;LegalEntityExtenedStructure;LegalForm;Diakonijas iestāde (vēsturiska forma);Deaconate Institution (historical form)
legal_form;DIOCESE_DIE;DIE;LegalEntityExtenedStructure;LegalForm;Diecēze;Diocese
legal_form;EDUCATION_INSTITUTION_FOR_ECCLESIASTICS_GPM;GPM;LegalEntityExtenedStructure;LegalForm;Garīgā personāla mācību iestāde (vēsturiska forma);Education Institution for Ecclesiastics (historical form)
legal_form;EUROPEAN_COMPANY_SE;SE;LegalEntityExtenedStructure;LegalForm;Eiropas komercsabiedrība;European Company 
legal_form;EUROPEAN_COOPERATIVE_SOCIETY_SCE;SCE;LegalEntityExtenedStructure;LegalForm;Eiropas kooperatīvā sabiedrība;European Cooperative Society
legal_form;EUROPEAN_ECONOMIC_INTEREST_GROUPING_EIG;EIG;LegalEntityExtenedStructure;LegalForm;Eiropas ekonomisko interešu grupa;European Economic Interest Grouping
legal_form;FAMILY_UNDERTAKING_GIM;GIM;LegalEntityExtenedStructure;LegalForm;Ģimenes uzņēmums  (vēsturiska forma);Family Undertaking (historical form)
legal_form;FARM_ZEM;ZEM;LegalEntityExtenedStructure;LegalForm;Zemnieku saimniecība;Farm
legal_form;FISHING_UNDERTAKING_ZVJ;ZVJ;LegalEntityExtenedStructure;LegalForm;Zvejnieku saimniecība;Fishing Undertaking
legal_form;FOREIGN_REPRESENTATIVE_OFFICE_AKP;AKP;LegalEntityExtenedStructure;LegalForm;Ārvalsts komersanta pārstāvniecība (vēsturiska forma);Foreign Representative Office (historical form)
legal_form;FOREIGN_REPRESENTATIVE_OFFICE_PAR;PAR;LegalEntityExtenedStructure;LegalForm;Ārvalsts komersanta pārstāvniecība;Foreign Representative Office 
legal_form;FOUNDATION_NOD;NOD;LegalEntityExtenedStructure;LegalForm;Nodibinājums;Foundation
legal_form;FULL_LIABILITY_PARTNERSHIP_LIG;LIG;LegalEntityExtenedStructure;LegalForm;Līgumsabiedrība ar pilnu atbildību (vēsturiska forma);Full Liability Partnership (historical form)
legal_form;GENERAL_PARTNERSHIP_PS;PS;LegalEntityExtenedStructure;LegalForm;Pilnsabiedrība;General Partnership
legal_form;INDIVIDUAL_UNDERTAKING_IND;IND;LegalEntityExtenedStructure;LegalForm;Individuālais uzņēmums;Individual Undertaking
legal_form;INSTITUTION_OF_RELIGIOUS_ORGANISATION_ROI;ROI;LegalEntityExtenedStructure;LegalForm;Iestāde;Institution of Religious Organisation
legal_form;JURIDIC_PERSON_UNDER_CANON_LAW_KAT;KAT;LegalEntityExtenedStructure;LegalForm;Katoļu baznīcas publisko tiesību juridiskā persona;Juridic person governed by the Canon law of the Catholic Church
legal_form;LIMITED_LIABILITY_COMPANY_SIA;SIA;LegalEntityExtenedStructure;LegalForm;Sabiedrība ar ierobežotu atbildību;Limited Liability Company
legal_form;LIMITED_PARTNERSHIP_KS;KS;LegalEntityExtenedStructure;LegalForm;Komandītsabiedrība;Limited Partnership
legal_form;MISSION_MIS;MIS;LegalEntityExtenedStructure;LegalForm;Misija (vēsturiska forma);Mission  (historical form)
legal_form;MONASTERY_KLO;KLO;LegalEntityExtenedStructure;LegalForm;Klosteris (vēsturiska forma);Monastery (historical form)
legal_form;MUNICIPAL_COMPANY_PSV;PSV;LegalEntityExtenedStructure;LegalForm;Pašvaldības uzņēmums (vēsturiska forma);Municipal Company (historical form)
legal_form;NEW_CONGREGATION_DRJ;DRJ;LegalEntityExtenedStructure;LegalForm;Draudze (jaunā);Congregation (new)
legal_form;OPEN_PUBLIC_FUND_ASF;ASF;LegalEntityExtenedStructure;LegalForm;Atklātais sabiedriskais fonds (vēsturiska forma);Open Public Fund  (historical form)
legal_form;PERMANENT_UNIT_OF_TRADE_UNION_ARV;ARV;LegalEntityExtenedStructure;LegalForm;Arodbiedrības patstāvīgā vienība;Permanent Unit of Trade Union
legal_form;POLITICAL_ORGANISATION_PARTY_POL;POL;LegalEntityExtenedStructure;LegalForm;Politiska organizācija, partija (vēsturiska forma);Political Organisation, Party (historical form)
legal_form;POLITICAL_PARTY_PP;PP;LegalEntityExtenedStructure;LegalForm;Politiskā partija;Political Party
legal_form;PROFESSIONAL_CORPORATION_KOR;KOR;LegalEntityExtenedStructure;LegalForm;Korporācija, profesionālā biedrība (vēsturiska forma);Corporation, Professional Association (historical form)
legal_form;PROFESSIONAL_CREATIVE_ORGANISATION_PRO;PRO;LegalEntityExtenedStructure;LegalForm;Profesionālā radošā organizācija (vēsturiska forma);Trade Union (historical form)
legal_form;PUBLIC_BODY;PPI;LegalEntityExtenedStructure;LegalForm;Publiskā persona vai iestāde;Public person or authority
legal_form;PUBLIC_LIMITED_COMPANY_AS;AS;LegalEntityExtenedStructure;LegalForm;Akciju sabiedrība;Public Limited Company
legal_form;PUBLIC_ORGANISATION_ENTERPRISE_SOU;SOU;LegalEntityExtenedStructure;LegalForm;Sabiedriskās organizācijas uzņēmums (vēsturiska forma);Undertaking of Public Organisation (historical form)
legal_form;PUBLIC_ORGANISATION_SAB;SAB;LegalEntityExtenedStructure;LegalForm;Sabiedriskā organizācija (vēsturiska forma);Public Organisation  (historical form)
legal_form;PUBLIC_SPORTS_ORGANISATION_SPO;SPO;LegalEntityExtenedStructure;LegalForm;Sporta sabiedriskā organizācija  (vēsturiska forma);Public Sports Organisation (historical form)
legal_form;RELIGIOUS_ASSOCIATION_BIE;BIE;LegalEntityExtenedStructure;LegalForm;Biedrība rel.  (vēsturiska forma);Religious Association (historical form)
legal_form;RELIGIOUS_ORGANISATION_ENTERPRISE_REL;REL;LegalEntityExtenedStructure;LegalForm;Reliģiskas organizācijas uzņēmums (vēsturiska forma);Undertaking of Religious Organisation  (historical form)
legal_form;RELIGIOUS_UNION_SAV;SAV;LegalEntityExtenedStructure;LegalForm;Savienība;Religious Union
legal_form;REPRESENTATIVE_OFFICE_OF_FOREIGN_ORGANISATION_POR;POR;LegalEntityExtenedStructure;LegalForm;Ārvalsts organizācijas pārstāvniecība;Representative Office of Foreign Organisation
legal_form;REPRESENTATIVE_OFFICE_PAR;PAR;LegalEntityExtenedStructure;LegalForm;Pārstāvniecība (vēsturiska forma);Representative Office (historical form)
legal_form;REPRESENTATIVE_PRV;PRV;LegalEntityExtenedStructure;LegalForm;Pārstāvis (vēsturiska forma);Representative (historical form)
legal_form;SOLE_TRADER_IK;IK;LegalEntityExtenedStructure;LegalForm;Individuālais komersants;Sole trader
legal_form;SPIRITUAL_CENTRE_CEN;CEN;LegalEntityExtenedStructure;LegalForm;Centrs  (vēsturiska forma);Spiritual Centre (historical form)
legal_form;STATE_OWNED_ENTERPRISE_VU;VU;LegalEntityExtenedStructure;LegalForm;Valsts uzņēmums  (vēsturiska forma);State-owned Enterprise (historical form)
legal_form;TRADE_UNION_ARB;ARB;LegalEntityExtenedStructure;LegalForm;Arodbiedrība;Trade Union
legal_form;TRADE_UNION_HISTORICAL_ARB;ARB;LegalEntityExtenedStructure;LegalForm;Arodbiedrība (vēsturiska forma);Trade Union (historical form)
legal_form;UNDERTAKING_OF_COMPANY_UZN;UZN;LegalEntityExtenedStructure;LegalForm;Uzņēmējsabiedrības uzņēmums (vēsturiska forma);Undertaking of Company (historical form)
legal_form;UNION_OF_COOPERATIVE_SOCIETIES_COMPANY_KSS;KSS;LegalEntityExtenedStructure;LegalForm;Kooperatīvo biedrību savienības uzņēmums  (vēsturiska forma);Undertaking of Union of Co-operative Societies (historical form)
legal_form;UNION_OF_COOPRATIVE_SOCIETIES_KBS;KBS;LegalEntityExtenedStructure;LegalForm;Kooperatīvo biedrību savienība  (vēsturiska forma);Union of Co-oprative Societies  (historical form)
liquidation_suspension_prohibition;ACTIVITY_CONTINUED;L2;LegalEntityExtenedStructure;LiquidationForm;Darbības turpināšana;Activity continued
liquidation_suspension_prohibition;ACTIVITY_OF_RELIGIOUS_ORGANISATION_TERMINATED;RR;LegalEntityExtenedStructure;LiquidationForm;Reliģiskas organizācijas darbības izbeigšana;Activity of a Religious Organisation terminated
liquidation_suspension_prohibition;ACTIVITY_RESTORED;L9;LegalEntityExtenedStructure;LiquidationForm;Darbības atjaunošana;Activity restored
liquidation_suspension_prohibition;ACTIVITY_SUSPENDED;L1;LegalEntityExtenedStructure;LiquidationForm;Darbības apturēšana;Activity suspended 
liquidation_suspension_prohibition;ACTIVITY_SUSPENDED_BY_COURT;LB;LegalEntityExtenedStructure;LiquidationForm;Darbības apturēšana uz tiesas lēmuma pamata;Activity suspended by a court decision
liquidation_suspension_prohibition;ACTIVITY_TERMINATED;LD;LegalEntityExtenedStructure;LiquidationForm;Darbības izbeigšana;Activity terminated 
liquidation_suspension_prohibition;ACTIVITY_TERMINATED_BY_COURT;LC;LegalEntityExtenedStructure;LiquidationForm;Darbības izbeigšana uz tiesas lēmuma pamata;Activity terminated by a court decision
liquidation_suspension_prohibition;ECONOMIC_ACTIVITY_RESTORED;L8;LegalEntityExtenedStructure;LiquidationForm;Saimnieciskās darbības atjaunošana;Economic activity restored
liquidation_suspension_prohibition;ECONOMIC_ACTIVITY_SUSPENDED;L7;LegalEntityExtenedStructure;LiquidationForm;Saimnieciskās darbības apturēšana;Economic activity suspended
liquidation_suspension_prohibition;EEIG_DECLARED_TO_BE_NONEXISTENT;LA;LegalEntityExtenedStructure;LiquidationForm;EEIG atzīta par neesošu;EEIG declared to be non-existent
liquidation_suspension_prohibition;LIQUIDATION;LI;LegalEntityExtenedStructure;LiquidationForm;Likvidācijas process;Liquidation proceeding
liquidation_suspension_prohibition;NON_REREGISTRATION;RK;LegalEntityExtenedStructure;LiquidationForm;Nepārreģistrācija;Non Re-registration
liquidation_suspension_prohibition;PROHIBITION_ON_BUSINESS_ACTIVITY;L5;LegalEntityExtenedStructure;LiquidationForm;Aizliegums veikt uzņēmējdarbību;Prohibition on business activity
liquidation_suspension_prohibition;PROHIBITION_ON_BUSINESS_ACTIVITY_REMOVED;L6;LegalEntityExtenedStructure;LiquidationForm;Aizlieguma veikt uzņēmējdarbību atcelšana;Prohibition on business activity removed
liquidation_suspension_prohibition;PROHIBITION_ON_PUBLIC_ACTIVITY;L3;LegalEntityExtenedStructure;LiquidationForm;Publiskās darbības vai citas darbības aizliegums;Prohibition on public activity or other activity
liquidation_suspension_prohibition;PROHIBITION_ON_PUBLIC_ACTIVITY_REMOVED;L4;LegalEntityExtenedStructure;LiquidationForm;Publiskās darbības vai citas darb. aizlieg. atc.;Prohibition on public activity or other activity removed
liquidation_suspension_prohibition;REFORM_OF_ASSOCIATIONS;RB;LegalEntityExtenedStructure;LiquidationForm;Biedrību reforma;Reform of Associations
liquidation_suspension_prohibition;REFORM_OF_POLITICAL_PARTIES;RP;LegalEntityExtenedStructure;LiquidationForm;Polistiko partiju reforma;Reform of Political Parties
liquidation_suspension_prohibition_result;ACTIVITY_CONTINUED;U;LegalEntityExtenedStructure;Result;Darbības turpināšana;Activity continued
liquidation_suspension_prohibition_result;ACTIVITY_RESTORED;E;LegalEntityExtenedStructure;Result;Darbības atjaunošana;Activity restored
liquidation_suspension_prohibition_result;ACTIVITY_TERMINATED;D;LegalEntityExtenedStructure;Result;Darbība izbeigta;Activity terminated
liquidation_suspension_prohibition_result;ANNULLED_PROCEEDING;A;LegalEntityExtenedStructure;Result;Anulēts;Annulled
liquidation_suspension_prohibition_result;CANCELLED;P;LegalEntityExtenedStructure;Result;Pārtraukts;Cancelled
liquidation_suspension_prohibition_result;ECONOMIC_ACTIVITY_RESTORED;J;LegalEntityExtenedStructure;Result;Saimnieciskās darbības atjaunošana;Economic activity restored
liquidation_suspension_prohibition_result;IN_PROGRESS;R;LegalEntityExtenedStructure;Result;Process risinās;In progress
liquidation_suspension_prohibition_result;IN_REHABILITATION;S;LegalEntityExtenedStructure;Result;Sanēts;In rehabilitation
liquidation_suspension_prohibition_result;LIQUIDATED;L;LegalEntityExtenedStructure;Result;Likvidēts;Liquidated
liquidation_suspension_prohibition_result;PROHIBITON_ON_BUSINESS_ACTIVITY_REMOVED;I;LegalEntityExtenedStructure;Result;Aizlieguma veikt uzņēmējdarbību atcelšana;Prohibition on business activity removed
liquidation_suspension_prohibition_result;PROHIBITON_ON_PUBLIC_ACTIVITY_REMOVED;T;LegalEntityExtenedStructure;Result;Publiskās darbības vai citas darbības aizlieguma atcelšana;Prohibition on public activity or other activity removed
nature_of_control;AS_COOPERATIVE_MEMBER;KK;LegalEntityExtenedStructure;NatureOfControl;kā kooperatīvās sabiedrības biedrs;as a cooperative society member
nature_of_control;AS_FOUNDATION_FOUNDER;KN;LegalEntityExtenedStructure;NatureOfControl;kā nodibinājuma dibinātājs;as a foundation founder
nature_of_control;AS_MEMBER;KD;LegalEntityExtenedStructure;NatureOfControl;kā dalībnieks;as a member
nature_of_control;AS_OWNER;KS;LegalEntityExtenedStructure;NatureOfControl;kā īpašnieks;as the owner
nature_of_control;AS_PARTNERSHIP_MEMBER;KP;LegalEntityExtenedStructure;NatureOfControl;kā personālsabiedrības biedrs;as a partnership member
nature_of_control;AS_REPRESENTATIVE;KI;LegalEntityExtenedStructure;NatureOfControl;kā izpildinstitūcijas vai pārvaldes institūcijas pārstāvis;as a representative of the executive institution or of the administrative body
nature_of_control;AS_SHAREHOLDER;KA;LegalEntityExtenedStructure;NatureOfControl;kā akcionārs;as a shareholder
nature_of_control;AS_SOCIETY_MEMBER;KB;LegalEntityExtenedStructure;NatureOfControl;kā biedrības biedrs;as a society member
nature_of_control;ON_GROUNDS_OF_AUTHORIZATION;PP;LegalEntityExtenedStructure;NatureOfControl;uz pilnvarojuma līguma pamata;on grounds of the Power of Attorney
nature_of_control;ON_GROUNDS_OF_BUSINESS_RELATIONS;CA;LegalEntityExtenedStructure;NatureOfControl;uz darījuma attiecību pamata;on grounds of the business relations
nature_of_control;ON_GROUNDS_OF_PROPERTY_RIGHT;IP;LegalEntityExtenedStructure;NatureOfControl;uz īpašumtiesību pamata;on grounds of the property right
nature_of_control;OTHER_TYPE_OF_CONTROL;C;LegalEntityExtenedStructure;NatureOfControl;cits;other
nature_of_control;VIA_ARRANGEMENT_AS_AUTHORIZING_PERSON;CP;LegalEntityExtenedStructure;NatureOfControl;caur juridisko veidojumu kā pilnvarotājs;via legal arrangement as the authorizing person
nature_of_control;VIA_ARRANGEMENT_AS_FOUNDER;CD;LegalEntityExtenedStructure;NatureOfControl;caur juridisko veidojumu kā dibinātājs;via legal arrangement as the founder
nature_of_control;VIA_ARRANGEMENT_AS_MANAGING_PERSON;CR;LegalEntityExtenedStructure;NatureOfControl;caur juridisko veidojumu kā pārvaldītājs;via legal arrangement as the managing person
position;ADMINISTRATIVE_MANAGER;;;;Administratīvais vadītājs;Administrative Manager
position;ADMINISTRATOR;ADM;LegalEntityExtenedStructure;Position;Administrators;Administrator
position;ARBITRATOR;SKT;LegalEntityExtenedStructure;Position;Tiesnesis;Arbitrator
position;AUDITOR;RVD;LegalEntityExtenedStructure;Position;Revidents;Auditor
position;AUTHORISED_REPRESENTATIVE;PVP;LegalEntityExtenedStructure;Position;Pilnvarotais pārstāvis;Authorised representative
position;BOARD_MEMBER;VLO;LegalEntityExtenedStructure;Position;Valdes loceklis;Member of the Board
position;BRANCH_REPRESENTATIVE;FIL;LegalEntityExtenedStructure;Position;Persona, kura pilnvarota pārstāvēt komersantu darbībās, kas saistītas ar filiāli;A person authorized to represent the merchant in activities related to a branch
position;CHAIR_OF_BOARD;VPR;LegalEntityExtenedStructure;Position;Valdes priekšsēdētājs;Chairperson of the Board
position;CHAIR_OF_SUPERVISORY_BOARD;PPR;LegalEntityExtenedStructure;Position;Padomes priekšsēdētājs;Chairman of the Supervisory Board
position;CO_OWNER;LIP;LegalEntityExtenedStructure;Position;Līdzīpašnieks;Co-owner
position;DEPUTY_CHAIR_OF_SUPERVISORY_BOARD;PPV;LegalEntityExtenedStructure;Position;Padomes priekšsēdētāja vietnieks;Deputy Chairman of the Supervisory Board
position;ESTATE_TRUSTEE;MAG;LegalEntityExtenedStructure;Position;Mantojuma aizgādnis;Estate Trustee
position;GENERAL_MANAGER;;;;Vadītājs;General Manager
position;GUARDIAN;ABD;LegalEntityExtenedStructure;Position;Aizbildnis;Guardian of a minor
position;LIQUIDATOR;LKV;LegalEntityExtenedStructure;Position;Likvidators;Liquidator
position;MANAGER;VAD;LegalEntityExtenedStructure;Position;Vadītājs;Manager
position;MANAGING_DIRECTOR;RDR;LegalEntityExtenedStructure;Position;Rīkotājdirektors;Managing Director
position;MEMBER;BDR;LegalEntityExtenedStructure;Position;Biedrs;Member
position;OWNER;IPN;LegalEntityExtenedStructure;Position;Īpašnieks;Owner
position;PRESIDENT;PRZ;LegalEntityExtenedStructure;Position;Prezidents;President
position;REPRESENTATIVE_MANAGER;PAR;LegalEntityExtenedStructure;Position;Pārvaldnieks;Representative manager
position;REPRESENTATIVE_OF_THE_LIQUIDATOR;LKP;LegalEntityExtenedStructure;Position;Likvidatora pārstāvis;Representative of the Liquidator
position;SUPERVISORY_BOARD_MEMBER;PLO;LegalEntityExtenedStructure;Position;Padomes loceklis;Member of the Supervisory Board
register;ARBITRAGE;T;LegalEntityExtenedStructure;Register;Šķīrējtiesu reģistrs;Arbitrage Register
register;ASSOCIATIONS_AND_FOUNDATIONS;B;LegalEntityExtenedStructure;Register;Biedrību un nodibinājumu reģistrs;Register of Associations and Foundations
register;COMMERCIAL;K;LegalEntityExtenedStructure;Register;Komercreģistrs;Commercial Register
register;COMMERCIAL_PLEDGES;KK;LegalEntityExtenedStructure;Register;Komercķīlu reģistrs;Register of Commercial Pledges
register;ENTERPRISE_REGISTER_JOURNAL;U;LegalEntityExtenedStructure;Register;Uzņēmumu reģistra žurnāls;Enterprise Register Journal
register;EUROPEAN_ECONOMIC_INTEREST_GROUPINGS;E;LegalEntityExtenedStructure;Register;Eiropas ekonomisko interešu grupu reģistrs;Register of European Economic Interest Groupings
register;INSOLVENCY;MN;LegalEntityExtenedStructure;Register;Maksātnespējas reģistrs;Insolvency register
register;MASS_MEDIA;M;LegalEntityExtenedStructure;Register;Masu informācijas līdzekļu reģistrs;Mass Media Register
register;POLITICAL_ORGANISATIONS;O;LegalEntityExtenedStructure;Register;Politisko organizāciju un to apvienību reģistrs;Register of Political Organisations (historical)
register;POLITICAL_PARTIES;P;LegalEntityExtenedStructure;Register;Politisko partiju reģistrs;Register of Political Parties
register;PUBLIC_ORGANISATIONS;S;LegalEntityExtenedStructure;Register;Sabiedrisko organizāciju reģistrs;Register of Public Organisations (historical)
register;PUBLIC_PERSONS_INSTITUTIONS;I;LegalEntityExtenedStructure;Register;Publisko personu un iestāžu saraksts;List of public persons and authorities
register;PUBLIC_PRIVATE_PARTNERSHIP_CONTRACTS;PL;LegalEntityExtenedStructure;Register;Publiskās un privātās partnerības līgumu reģistrs;Register of Public and Private Partnership Contracts
register;RELIGIOUS_ORGANISATIONS_AND_INSTITUTIONS;R;LegalEntityExtenedStructure;Register;Reliģisko organizāciju un to iestāžu reģistrs;Register of Religious Organisations and Institutions Thereof
register;REPRESENTATIVE_OFFICES;C;LegalEntityExtenedStructure;Register;Pārstāvniecību reģistrs;Register of Representative Offices
register;SPOUSAL_PROPERTY_RELATIONS;LM;LegalEntityExtenedStructure;Register;Laulāto mantisko attiecību reģistrs;Spousal Property Relations Register
register;TRADE_UNIONS;A;LegalEntityExtenedStructure;Register;Arodbiedrību reģistrs;Register of Trade Unions (historical)
registration_removal_reason;ADDRESS_UPDATE;K;LegalEntityExtenedStructure;Reason;Adreses aktualizācija;Address update
registration_removal_reason;ANNULLED;A;LegalEntityExtenedStructure;Reason;Anulēts;Annulled
registration_removal_reason;DATA_CHANGES;L;LegalEntityExtenedStructure;Reason;Datu izmaiņas;Data changes
registration_removal_reason;DECEASED;M;LegalEntityExtenedStructure;Reason;Miris;Deceased
registration_removal_reason;ERROR_CORRECTION;O;LegalEntityExtenedStructure;Reason;Kļūdas labošana;Error correction
registration_removal_reason;INFORMATION_REMOVED;Z;LegalEntityExtenedStructure;Reason;Ziņas izslēgtas 10.04.2006;Information removed on 10.04.2006
registration_removal_reason;REMOVED_BY_CSN_DECISION;V;LegalEntityExtenedStructure;Reason;Izslēgts, pamatojoties uz GVN lēmumu;Removed by Chief State Notar (CSN) decision
registration_removal_reason;RESTORED;J;LegalEntityExtenedStructure;Reason;Darbība atjaunota;Restored
registration_removal_reason;RESTORED_BY_CSN_DECISION;G;LegalEntityExtenedStructure;Reason;Atjaunots, pamatojoties uz GVN lēmumu;Restored by Chief State Notar (CSN) decision
registration_removal_reason;SUSPENDED;D;LegalEntityExtenedStructure;Reason;Darbība apturēta;Suspended
religious_affiliation;ADVENTIST;43;LegalEntityExtenedStructure;ReligiouseAffilation;Septītās Dienas Adventistu;Seventh-day Adventist Church
religious_affiliation;ANGLICAN;11;LegalEntityExtenedStructure;ReligiouseAffilation;Anglikāņu;Anglican Communion
religious_affiliation;APOSTOLIC;12;LegalEntityExtenedStructure;ReligiouseAffilation;Apustuliskā;Apostolic Church
religious_affiliation;ARMENIAN;42;LegalEntityExtenedStructure;ReligiouseAffilation;Senaustrumu Apustuliskā;Armenian Apostolic Church
religious_affiliation;AUGSBURG;13;LegalEntityExtenedStructure;ReligiouseAffilation;Augsburgas (luterāņu);Augsburg Confession
religious_affiliation;BAHAI;14;LegalEntityExtenedStructure;ReligiouseAffilation;Bahai;Baha'i
religious_affiliation;BAPTIST;15;LegalEntityExtenedStructure;ReligiouseAffilation;Baptistu;Baptist
religious_affiliation;BRANHAMISM;2189;LegalEntityExtenedStructure;ReligiouseAffilation;Branhamistu;Branhamism
religious_affiliation;BUDDHIST;16;LegalEntityExtenedStructure;ReligiouseAffilation;Budistu;Buddhist
religious_affiliation;CATHOLIC;29;LegalEntityExtenedStructure;ReligiouseAffilation;Katoļu;Roman Catholic
religious_affiliation;CHRISTIAN_SCIENCE;31;LegalEntityExtenedStructure;ReligiouseAffilation;Kristīgās Zinātnes;Christian Science
religious_affiliation;DE_LUTHERAN;32;LegalEntityExtenedStructure;ReligiouseAffilation;Vācu luterāņu;German Lutheran
religious_affiliation;DENOMINATIONAL_BODY;30;LegalEntityExtenedStructure;ReligiouseAffilation;Konfesiju Iestāde;Denominational body
religious_affiliation;HINDU;23;LegalEntityExtenedStructure;ReligiouseAffilation;Hinduisti;Hindu
religious_affiliation;INTERFAITH;45;LegalEntityExtenedStructure;ReligiouseAffilation;Starpkonfesionāla;Inter-faith
religious_affiliation;ISLAM;36;LegalEntityExtenedStructure;ReligiouseAffilation;Musulmaņu;Islam / Muslims
religious_affiliation;JEHOVAHS_WITNESSES;27;LegalEntityExtenedStructure;ReligiouseAffilation;Jehovas Liecinieku;Jehovah's Witnesses
religious_affiliation;JEWISH;28;LegalEntityExtenedStructure;ReligiouseAffilation;Jūdu (Mozus) Ticīgo;Jewish
religious_affiliation;LV_DIEVTURI;18;LegalEntityExtenedStructure;ReligiouseAffilation;Dievturu;Latvian Dievturi
religious_affiliation;LV_EVANGELICAL;22;LegalEntityExtenedStructure;ReligiouseAffilation;Evaņģēlisko Kristiešu;Latvian Evangelical Christians
religious_affiliation;LV_EVANGELICAL_FAITH;20;LegalEntityExtenedStructure;ReligiouseAffilation;Evaņģēliskās Ticības Kristiešu;Latvian Christians of Evangelical Faith
religious_affiliation;LV_EVANGELICAL_GOD;19;LegalEntityExtenedStructure;ReligiouseAffilation;Evaņģēliskā Dieva;Latvian Congregation of Evangelical God 
religious_affiliation;LV_EVANGELICAL_MESSIAH;21;LegalEntityExtenedStructure;ReligiouseAffilation;Evaņģēlisko Mesijas Sekotāju;Latvian Evangelical Messiah-Followers
religious_affiliation;LV_EVANGELICAL_NG;24;LegalEntityExtenedStructure;ReligiouseAffilation;Evaņģēlisko kristiešu (Jaunā Paaudze);Latvian Evangelical Christions (New Generation)
religious_affiliation;LV_YOUTH_CHRISTIAN;26;LegalEntityExtenedStructure;ReligiouseAffilation;Jaunatnes Kristīgā Savienība;Latvian Youth Christian Association
religious_affiliation;LV_LUTHERAN;33;LegalEntityExtenedStructure;ReligiouseAffilation;Luterāņu;Latvian Lutheran
religious_affiliation;METHODIST;34;LegalEntityExtenedStructure;ReligiouseAffilation;Metodistu;Methodist
religious_affiliation;MORMON;35;LegalEntityExtenedStructure;ReligiouseAffilation;Pēdējo dienu svēto (mormoņu);The Church of Jesus Christ of Latter-day Saints
religious_affiliation;NEW_APOSTOLIC;25;LegalEntityExtenedStructure;ReligiouseAffilation;Jaunapustulisko kristiešu;New Apostolic Church
religious_affiliation;OLD_BELIEVER;49;LegalEntityExtenedStructure;ReligiouseAffilation;Vecticībnieku;Old Believer
religious_affiliation;ORTHODOX;37;LegalEntityExtenedStructure;ReligiouseAffilation;Pareizticīgo;Easterm Orthodox
religious_affiliation;PENTACOSTAL;48;LegalEntityExtenedStructure;ReligiouseAffilation;Vasarsvētku;Pentacostal
religious_affiliation;PRESBYTERIAN;39;LegalEntityExtenedStructure;ReligiouseAffilation;Presbiterāņu;Presbyterian 
religious_affiliation;PROTESTANT;40;LegalEntityExtenedStructure;ReligiouseAffilation;Protestantu;Protestant
religious_affiliation;REFORMED;41;LegalEntityExtenedStructure;ReligiouseAffilation;Reformātu;Reformed Church
religious_affiliation;SALVATION_ARMY;38;LegalEntityExtenedStructure;ReligiouseAffilation;Pestīšanas Armija;The Salvation Army
religious_affiliation;SHINTO;44;LegalEntityExtenedStructure;ReligiouseAffilation;Sintoisti;Shinto
religious_affiliation;SUKIYO_MAHIKARI;46;LegalEntityExtenedStructure;ReligiouseAffilation;Sūkjo Mahikari;Sukyo Mahikari
religious_affiliation;UNITARIANISM;52;LegalEntityExtenedStructure;ReligiouseAffilation;Kristīgais unitārisms;Christian Unitarianism
religious_affiliation;VAISHNAVISM;47;LegalEntityExtenedStructure;ReligiouseAffilation;Vaišnavu;Vaishnavism
religious_affiliation;VISSARION;51;LegalEntityExtenedStructure;ReligiouseAffilation;Pēdējās derības;Church of the Last Testament
reorganization;ACQUISITION;PIE;LegalEntityExtenedStructure;ReorganizationForm;Pievienošana;Acquisition
reorganization;DIVISION;SAD;LegalEntityExtenedStructure;ReorganizationForm;Sašķelšana;Division by splitting up
reorganization;MERGER;APV;LegalEntityExtenedStructure;ReorganizationForm;Saplūšana;Merger with consolidation
reorganization;OTHER;CIT;LegalEntityExtenedStructure;ReorganizationForm;Cits;Other
reorganization;REORGANISATION;REO;LegalEntityExtenedStructure;ReorganizationForm;Reorganizācija;Reorganisation
reorganization;SEPARATION;ATD;LegalEntityExtenedStructure;ReorganizationForm;Nodalīšana;Divestiture separation
reorganization;TRANSFORMATION;UDF;LegalEntityExtenedStructure;ReorganizationForm;Pārveidošana;Transformation, change of  form or restructuring
rights_of_representation;INDIVIDUALLY;1;LegalEntityExtenedStructure;RepresentationMode;Tiesības pārstāvēt atsevišķi;Right to represent individually
rights_of_representation;NO_RIGHT;0;LegalEntityExtenedStructure;RepresentationMode;Nav tiesību pārstāvēt;No right of representation
rights_of_representation;SIGNATORY_POWER;9;LegalEntityExtenedStructure;RepresentationMode;Paraksta tiesības;Signatory power
rights_of_representation;WITH_ALL;3;LegalEntityExtenedStructure;RepresentationMode;Kopā ar visiem;Jointly with all persons entitled to represent
rights_of_representation;WITH_AT_LEAST;2;LegalEntityExtenedStructure;RepresentationMode;Kopā ar vismaz;Jointly with at least {withAtLeast} persons entitled to represent
rights_of_representation;WITH_CHAIR;4;LegalEntityExtenedStructure;RepresentationMode;Kopā ar valdes priekšsēdētāju;Jointly with  the Chairperson of the Board
rights_of_representation;WITH_DEPUTY_CHAIR;6;LegalEntityExtenedStructure;RepresentationMode;Kopīgi ar valdes priekšsēdētāja vietnieku;Jointly with the Deputy Chairperson of the Board
rights_of_representation;WITH_PROKURIST;5;LegalEntityExtenedStructure;RepresentationMode;Kopīgi ar prokūristu;Jointly with  the prokurist
rights_to_land;OWNERSHIP;I;LegalEntityExtenedStructure;ActForm;Aktā noteiktās tiesības uz zemi: īpašuma;Right to the land under the deed: ownership
rights_to_land;USE;L;LegalEntityExtenedStructure;ActForm;Aktā noteiktās tiesības uz zemi: lietošanas;Right to the land under the deed: use
securing_measure;ATTACHMENT;A;LegalEntityExtenedStructure;SecurityMeansForm;Arests;Attachment
securing_measure;LIEN;K;LegalEntityExtenedStructure;SecurityMeansForm;Apķīlājums;Lien
securing_measure;PROHIBITION;L;LegalEntityExtenedStructure;SecurityMeansForm;Aizliegums;Prohibition
status;ANNULLED;A;LegalEntityExtenedStructure;Status;Anulēts;Annulled
status;REGISTERED;;;;Reģistrēts;Registered
status;REMOVED;L;LegalEntityExtenedStructure;Status;Izslēgts no reģistra;Removed from the register
status_details;IN_LIQUIDATION;;;;Aktīvs likvidācijas process;Pending liquidation proceeding
status_details;REORGANIZED;R;LegalEntityExtenedStructure;Status;Izslēgts reorganizācijas rezultātā;Removed from the register as a result of reorganization
subordination;CONTROL;;;;Pakļautībā ;Under control
subordination;SUPERVISION;;;;Pārraudzībā;Under supervision
various_notice;ADDRESS_TRANSFER_PROPOSAL;AMPR;LegalEntityExtenedStructure;EventType;Adreses maiņas priekšlikums;The address transfer proposal
various_notice;AMENDMENTS_TO_DECISION_ON_REORGANISATION;RLGR;LegalEntityExtenedStructure;EventType;Grozījumi reorganizācijas lēmuma projektā;Amendments to the decision on reorganisation
various_notice;AMENDMENTS_TO_PLAN_FOR_EXTINGUISHING_OBLIGATIONS;SDGR;LegalEntityExtenedStructure;EventType;Saistību dzēšanas plāna grozījumi;Amendments to the plan for extinguishing the obligations
various_notice;AMENDMENTS_TO_PLAN_FOR_PROPERTY_SALE_AND_SETTLING_OF_CLAIMS;MKGR;LegalEntityExtenedStructure;EventType;Mantas pārdošanas un kreditoru prasījumu apmierināšanas plāna grozījumi;Amendments to the plan for property sale and settling of creditors’ claims
various_notice;AMENDMENTS_TO_REORGANISATION_DRAFT_AGREEMENT;RCGR;LegalEntityExtenedStructure;EventType;Grozījumi reorganizācijas līguma projektā;Amendments to the Reorganisation draft agreement 
various_notice;CONFIRMATION_THAT_ARBITRATORS_UPDATED;ASSA;LegalEntityExtenedStructure;EventType;Apliecinājums par šķīrējtiesnešu saraksta aktualitāti;Confirmation that the list of arbitrators is updated (historical)
various_notice;CONFIRMATION_UNDER_ARTICLE_8_5A_OF_ARBITRATION_LAW;ASL5;LegalEntityExtenedStructure;EventType;Apliecinājums atbilstoši Šķīrējtiesu likuma 8.panta piektajai prim daļai;Confirmation under Paragraph 5', Article 8 of the Arbitration Law
various_notice;CONFIRMATION_UNDER_ARTICLE_8_6_OF_ARBITRATION_LAW;ASL6;LegalEntityExtenedStructure;EventType;Apliecinājums atbilstoši Šķīrējtiesu likuma 8.panta sestajai daļai;Confirmation under Paragraph 6, Article 8 of the Arbitration Law 
various_notice;CORRECTED_PLAN_FOR_PROPERTY_SALE;MPGR;LegalEntityExtenedStructure;EventType;Precizēts mantas pārdošanas plāns;Corrected plan for property sale
various_notice;DECISION_ON_CHANGE_OF_ADDRESS;LADR;LegalEntityExtenedStructure;EventType;Lēmums par adreses maiņu;Decision on the change of address
various_notice;DECISION_ON_CHANGE_OF_CANNONICAL_SUBORDINATION;LKAN;LegalEntityExtenedStructure;EventType;Lēmums par kanoniskās pakļautības maiņu;Decision on the change of canonical subordination
various_notice;DECISION_ON_CHANGE_OF_THE_NAME;LNOS;LegalEntityExtenedStructure;EventType;Lēmums par nosaukuma maiņu;Decision on the change of the name
various_notice;DECISION_ON_LIQUIDATION;LLIK;LegalEntityExtenedStructure;EventType;Lēmums par likvidēšanu;Decision on the liquidation
various_notice;DECISION_ON_RECOGNITION;LATZ;LegalEntityExtenedStructure;EventType;Lēmums par atzīšanu;Decision on the recognition
various_notice;DECISION_ON_REORGANISATION;LREO;LegalEntityExtenedStructure;EventType;Lēmums par reorganizāciju;Decision on the reorganisation
various_notice;DIVISION_OF_REGISTER_OF_SHAREHOLDERS;DRND;LegalEntityExtenedStructure;EventType;Dalībnieku reģistra nodalījums;Division of the Register of Shareholders
various_notice;DRAFT_DECISION_ON_REORGANISATION;RLPR;LegalEntityExtenedStructure;EventType;Reorganizācijas lēmuma projekts;Draft decision on reorganisation
various_notice;LIST_OF_ARBITRATORS;SKTS;LegalEntityExtenedStructure;EventType;Šķīrējtiesnešu saraksts;List of arbitrators (historical)
various_notice;NOTIFICATION_ON_COMPLIANCE_WITH_CONDITIONS_ON_SIGNIFICANCE_TO_NATIONAL_SECURITY;PNDS;LegalEntityExtenedStructure;EventType;Paziņojums par komercsabiedrības atbilstību nacionālajai drošībai nozīmīgas komercsabiedrības nosacījumiem;Notification on compliance of the commercial company with conditions on commercial companies significant for national security
various_notice;NOTIFICATION_ON_EXPIRY_OF_COMPLIANCE_WITH_CONDITIONS_ON_SIGNIFICANCE_TO_NATIONAL_SECURITY;PNDB;LegalEntityExtenedStructure;EventType;Paziņojums par komercsabiedrības atbilstības nacionālajai drošībai nozīmīgas komercsabiedrības nosacījumiem izbeigšanos;Notification on expiry of compliance of the commercial company with conditions on commercial companies significant for national security
various_notice;NOTIFICATION_ON_REDUCTION_IN_EQUITY_CAPITAL;PPKS;LegalEntityExtenedStructure;EventType;Paziņojums par pamatkapitāla samazināšanu;Notification on reduction in the equity capital
various_notice;PLAN_FOR_EXTINGUISHING_OBLIGATIONS;SDPL;LegalEntityExtenedStructure;EventType;Saistību dzēšanas plāns;Plan for extinguishing the obligations
various_notice;PLAN_FOR_PROPERTY_SALE;MPPL;LegalEntityExtenedStructure;EventType;Mantas pārdošanas plāns;Plan for property sale
various_notice;PLAN_FOR_PROPERTY_SALE_AND_SETTLING_OF_CLAIMS;MKPL;LegalEntityExtenedStructure;EventType;Mantas pārdošanas un kreditoru prasījumu apmierināšanas plāns;Plan for property sale and settling of creditors' claims
various_notice;PROPOSAL_ON_TRANSFERRING_ADDRESS_OF_EEIG;EGAD;LegalEntityExtenedStructure;EventType;Priekšlikums mainīt Eiropas ekonomisko interešu grupas juridisko adresi;Proposal on transferring the legal address of the European Economic Interest Grouping
various_notice;PROPOSAL_ON_TRANSFERRING_ADDRESS_OF_SCE;ECAD;LegalEntityExtenedStructure;EventType;Priekšlikums mainīt Eiropas kooperatīvās sabiedrības juridisko adresi;Proposal on transferring the legal address of the European cooperative society
various_notice;PROPOSAL_ON_TRANSFERRING_ADDRESS_OF_SE;EMAD;LegalEntityExtenedStructure;EventType;Priekšlikums mainīt Eiropas komercsabiedrības juridisko adresi;Proposal on transferring the legal address of the European Sompany
various_notice;REGISTER_OF_SHAREHOLDERS;DREG;LegalEntityExtenedStructure;EventType;Dalībnieku reģistrs;Register of Shareholders (historical)
various_notice;REORGANISATION_DRAFT_AGREEMENT;RCPR;LegalEntityExtenedStructure;EventType;Reorganizācijas līguma projekts;Reorganisation draft agreement 
various_notice;RULES_OF_PROCEDURE;REGL;LegalEntityExtenedStructure;EventType;Reglaments;Rules of procedure
various_status;BENEFICIAL_OWNER_CANNOT_BE_IDENTIFIED;P;LegalEntityExtenedStructure;SpecialStatus;Juridiskās personas patieso labuma guvēju noskaidrot nav iespējams;The beneficial owner of a legal person cannot be identified
various_status;BENEFICIAL_OWNER_CONTROL_RESULTS_FROM_SHAREHOLDERS_STATUS;B;LegalEntityExtenedStructure;SpecialStatus;Patiesais labuma guvējs ir akcionārs tādā akciju sabiedrībā, kuras akcijas ir iekļautas regulētajā tirgū, un veids, kādā tiek īstenota kontrole pār juridisko personu, izriet tikai no akcionāra statusa;The beneficial owner is a shareholder of a public company with shares admitted for trading on a regulated market, and control over the legal person only results from the shareholder’s status
various_status;SIGNIFICANT_TO_NATIONAL_SECURITY;N;LegalEntityExtenedStructure;SpecialStatus;Nacionālajai drošībai nozīmīga komercsabiedrība;A commercial company of significance to national security
